-- phpMyAdmin SQL Dump
-- version 4.9.2
-- https://www.phpmyadmin.net/
--
-- Host: 127.0.0.1
-- Generation Time: Apr 16, 2020 at 07:52 PM
-- Server version: 10.4.10-MariaDB
-- PHP Version: 7.3.12

SET SQL_MODE = "NO_AUTO_VALUE_ON_ZERO";
SET AUTOCOMMIT = 0;
START TRANSACTION;
SET time_zone = "+00:00";


/*!40101 SET @OLD_CHARACTER_SET_CLIENT=@@CHARACTER_SET_CLIENT */;
/*!40101 SET @OLD_CHARACTER_SET_RESULTS=@@CHARACTER_SET_RESULTS */;
/*!40101 SET @OLD_COLLATION_CONNECTION=@@COLLATION_CONNECTION */;
/*!40101 SET NAMES utf8mb4 */;

--
-- Database: `alpha`
--

-- --------------------------------------------------------

--
-- Table structure for table `devices`
--

CREATE TABLE `devices` (
  `id` bigint(20) UNSIGNED NOT NULL,
  `node_id` bigint(20) UNSIGNED NOT NULL,
  `type` enum('IP Access','Media RS232 to LAN','Voice Gateway','Forth','VoIP','SIP Phone','RoIP') COLLATE utf8mb4_unicode_ci NOT NULL,
  `ip` varchar(255) COLLATE utf8mb4_unicode_ci NOT NULL,
  `created_at` timestamp NULL DEFAULT NULL,
  `updated_at` timestamp NULL DEFAULT NULL
) ENGINE=InnoDB DEFAULT CHARSET=utf8mb4 COLLATE=utf8mb4_unicode_ci;

--
-- Dumping data for table `devices`
--

INSERT INTO `devices` (`id`, `node_id`, `type`, `ip`, `created_at`, `updated_at`) VALUES
(1, 1, 'IP Access', '10.42.19.13', '0000-00-00 00:00:00', '0000-00-00 00:00:00'),
(2, 2, 'IP Access', '10.42.19.17', '0000-00-00 00:00:00', '0000-00-00 00:00:00'),
(3, 3, 'IP Access', '10.42.19.45', '0000-00-00 00:00:00', '0000-00-00 00:00:00'),
(4, 4, 'IP Access', '10.42.19.25', '0000-00-00 00:00:00', '0000-00-00 00:00:00'),
(5, 5, 'IP Access', '10.42.19.77', '0000-00-00 00:00:00', '0000-00-00 00:00:00'),
(6, 7, 'IP Access', '10.19.57.241', '0000-00-00 00:00:00', '0000-00-00 00:00:00'),
(7, 9, 'IP Access', '10.42.19.85', '0000-00-00 00:00:00', '0000-00-00 00:00:00'),
(8, 10, 'IP Access', '10.42.19.89', '0000-00-00 00:00:00', '0000-00-00 00:00:00'),
(9, 11, 'IP Access', '10.42.19.81', '0000-00-00 00:00:00', '0000-00-00 00:00:00'),
(10, 12, 'IP Access', '10.42.17.9', '0000-00-00 00:00:00', '0000-00-00 00:00:00'),
(11, 13, 'IP Access', '10.42.17.85', '0000-00-00 00:00:00', '0000-00-00 00:00:00'),
(12, 14, 'IP Access', '10.42.17.57', '0000-00-00 00:00:00', '0000-00-00 00:00:00'),
(13, 17, 'IP Access', '10.42.17.53', '0000-00-00 00:00:00', '0000-00-00 00:00:00'),
(14, 18, 'IP Access', '10.42.17.73', '0000-00-00 00:00:00', '0000-00-00 00:00:00'),
(15, 19, 'IP Access', '10.42.17.81', '0000-00-00 00:00:00', '0000-00-00 00:00:00'),
(16, 20, 'IP Access', '10.42.17.77', '0000-00-00 00:00:00', '0000-00-00 00:00:00'),
(17, 21, 'IP Access', '10.42.17.45', '0000-00-00 00:00:00', '0000-00-00 00:00:00'),
(18, 22, 'IP Access', '10.42.17.49', '0000-00-00 00:00:00', '0000-00-00 00:00:00'),
(19, 23, 'IP Access', '10.42.19.49', '0000-00-00 00:00:00', '0000-00-00 00:00:00'),
(20, 24, 'IP Access', '10.42.19.53', '0000-00-00 00:00:00', '0000-00-00 00:00:00'),
(21, 25, 'IP Access', '10.42.19.61', '0000-00-00 00:00:00', '0000-00-00 00:00:00'),
(22, 26, 'IP Access', '10.42.19.33', '0000-00-00 00:00:00', '0000-00-00 00:00:00'),
(23, 29, 'IP Access', '10.42.19.29', '0000-00-00 00:00:00', '0000-00-00 00:00:00'),
(24, 30, 'IP Access', '10.19.59.241', '0000-00-00 00:00:00', '0000-00-00 00:00:00'),
(25, 31, 'IP Access', '10.42.19.37', '0000-00-00 00:00:00', '0000-00-00 00:00:00'),
(26, 32, 'IP Access', '10.42.19.65', '0000-00-00 00:00:00', '0000-00-00 00:00:00'),
(27, 34, 'IP Access', '10.42.16.41', '0000-00-00 00:00:00', '0000-00-00 00:00:00'),
(28, 35, 'IP Access', '10.42.16.45', '0000-00-00 00:00:00', '0000-00-00 00:00:00'),
(29, 36, 'IP Access', '10.42.16.81', '0000-00-00 00:00:00', '0000-00-00 00:00:00'),
(30, 37, 'IP Access', '10.42.16.77', '0000-00-00 00:00:00', '0000-00-00 00:00:00'),
(31, 43, 'IP Access', '10.42.16.37', '0000-00-00 00:00:00', '0000-00-00 00:00:00'),
(32, 44, 'IP Access', '10.42.16.49', '0000-00-00 00:00:00', '0000-00-00 00:00:00'),
(33, 46, 'IP Access', '10.42.16.5', '0000-00-00 00:00:00', '0000-00-00 00:00:00'),
(34, 48, 'IP Access', '10.42.16.89', '0000-00-00 00:00:00', '0000-00-00 00:00:00'),
(35, 49, 'IP Access', '10.42.16.85', '0000-00-00 00:00:00', '0000-00-00 00:00:00'),
(36, 50, 'IP Access', '10.42.16.33', '0000-00-00 00:00:00', '0000-00-00 00:00:00'),
(37, 54, 'IP Access', '10.42.16.29', '0000-00-00 00:00:00', '0000-00-00 00:00:00'),
(38, 55, 'IP Access', '10.42.16.25', '0000-00-00 00:00:00', '0000-00-00 00:00:00'),
(39, 56, 'IP Access', '10.42.16.9', '0000-00-00 00:00:00', '0000-00-00 00:00:00'),
(40, 57, 'IP Access', '10.42.18.21', '0000-00-00 00:00:00', '0000-00-00 00:00:00'),
(41, 58, 'IP Access', '10.42.18.37', '0000-00-00 00:00:00', '0000-00-00 00:00:00'),
(42, 59, 'IP Access', '10.42.18.53', '0000-00-00 00:00:00', '0000-00-00 00:00:00'),
(43, 61, 'IP Access', '10.42.18.13', '0000-00-00 00:00:00', '0000-00-00 00:00:00'),
(44, 62, 'IP Access', '10.42.18.17', '0000-00-00 00:00:00', '0000-00-00 00:00:00'),
(45, 64, 'IP Access', '10.19.49.241', '0000-00-00 00:00:00', '0000-00-00 00:00:00'),
(46, 67, 'IP Access', '10.42.18.5', '0000-00-00 00:00:00', '0000-00-00 00:00:00'),
(47, 68, 'IP Access', '10.42.18.45', '0000-00-00 00:00:00', '0000-00-00 00:00:00'),
(48, 69, 'IP Access', '10.42.18.33', '0000-00-00 00:00:00', '0000-00-00 00:00:00'),
(49, 70, 'IP Access', '10.42.18.49', '0000-00-00 00:00:00', '0000-00-00 00:00:00'),
(50, 72, 'IP Access', '10.42.18.25', '0000-00-00 00:00:00', '0000-00-00 00:00:00'),
(51, 73, 'IP Access', '10.42.18.29', '0000-00-00 00:00:00', '0000-00-00 00:00:00'),
(52, 74, 'IP Access', '10.42.18.9', '0000-00-00 00:00:00', '0000-00-00 00:00:00'),
(53, 75, 'IP Access', '10.42.17.33', '0000-00-00 00:00:00', '0000-00-00 00:00:00'),
(54, 76, 'IP Access', '10.42.17.41', '0000-00-00 00:00:00', '0000-00-00 00:00:00'),
(55, 77, 'IP Access', '10.42.17.89', '0000-00-00 00:00:00', '0000-00-00 00:00:00'),
(56, 78, 'IP Access', '10.42.17.29', '0000-00-00 00:00:00', '0000-00-00 00:00:00'),
(57, 79, 'IP Access', '10.19.51.241', '0000-00-00 00:00:00', '0000-00-00 00:00:00'),
(58, 80, 'IP Access', '10.42.17.5', '0000-00-00 00:00:00', '0000-00-00 00:00:00'),
(59, 82, 'IP Access', '10.42.16.1', '0000-00-00 00:00:00', '0000-00-00 00:00:00'),
(60, 83, 'IP Access', '10.42.17.17', '0000-00-00 00:00:00', '0000-00-00 00:00:00'),
(61, 84, 'IP Access', '10.42.16.69', '0000-00-00 00:00:00', '0000-00-00 00:00:00'),
(62, 85, 'IP Access', '10.42.17.21', '0000-00-00 00:00:00', '0000-00-00 00:00:00'),
(63, 86, 'IP Access', '10.42.17.65', '0000-00-00 00:00:00', '0000-00-00 00:00:00'),
(64, 87, 'IP Access', '10.42.16.21', '0000-00-00 00:00:00', '0000-00-00 00:00:00'),
(65, 91, 'IP Access', '10.42.16.65', '0000-00-00 00:00:00', '0000-00-00 00:00:00'),
(66, 92, 'IP Access', '10.19.55.241', '0000-00-00 00:00:00', '0000-00-00 00:00:00'),
(67, 93, 'IP Access', '10.42.17.13', '0000-00-00 00:00:00', '0000-00-00 00:00:00'),
(68, 94, 'IP Access', '10.19.53.241', '0000-00-00 00:00:00', '0000-00-00 00:00:00'),
(69, 95, 'IP Access', '10.42.17.25', '0000-00-00 00:00:00', '0000-00-00 00:00:00'),
(70, 96, 'IP Access', '10.42.17.69', '0000-00-00 00:00:00', '0000-00-00 00:00:00'),
(71, 98, 'IP Access', '10.42.16.57', '0000-00-00 00:00:00', '0000-00-00 00:00:00'),
(72, 99, 'IP Access', '10.42.16.73', '0000-00-00 00:00:00', '0000-00-00 00:00:00'),
(73, 102, 'IP Access', '10.42.16.61', '0000-00-00 00:00:00', '0000-00-00 00:00:00'),
(74, 103, 'IP Access', '10.42.16.53', '0000-00-00 00:00:00', '0000-00-00 00:00:00'),
(75, 104, 'IP Access', '10.42.19.73', '0000-00-00 00:00:00', '0000-00-00 00:00:00'),
(76, 105, 'IP Access', '10.42.17.61', '0000-00-00 00:00:00', '0000-00-00 00:00:00'),
(77, 108, 'IP Access', '10.42.19.69', '0000-00-00 00:00:00', '0000-00-00 00:00:00'),
(78, 1, 'Media RS232 to LAN', '172.19.179.1', '0000-00-00 00:00:00', '0000-00-00 00:00:00'),
(79, 1, 'Media RS232 to LAN', '172.19.179.2', '0000-00-00 00:00:00', '0000-00-00 00:00:00'),
(80, 1, 'Media RS232 to LAN', '172.19.179.3', '0000-00-00 00:00:00', '0000-00-00 00:00:00'),
(81, 1, 'Media RS232 to LAN', '172.19.179.4', '0000-00-00 00:00:00', '0000-00-00 00:00:00'),
(82, 1, 'Media RS232 to LAN', '172.19.179.5', '0000-00-00 00:00:00', '0000-00-00 00:00:00'),
(83, 1, 'Media RS232 to LAN', '172.19.179.6', '0000-00-00 00:00:00', '0000-00-00 00:00:00'),
(84, 1, 'Media RS232 to LAN', '172.19.179.7', '0000-00-00 00:00:00', '0000-00-00 00:00:00'),
(85, 1, 'Media RS232 to LAN', '172.19.179.8', '0000-00-00 00:00:00', '0000-00-00 00:00:00'),
(86, 1, 'Media RS232 to LAN', '172.19.179.9', '0000-00-00 00:00:00', '0000-00-00 00:00:00'),
(87, 1, 'Media RS232 to LAN', '172.19.179.10', '0000-00-00 00:00:00', '0000-00-00 00:00:00'),
(88, 1, 'Media RS232 to LAN', '172.19.179.11', '0000-00-00 00:00:00', '0000-00-00 00:00:00'),
(89, 1, 'Media RS232 to LAN', '172.19.179.12', '0000-00-00 00:00:00', '0000-00-00 00:00:00'),
(90, 1, 'Media RS232 to LAN', '172.19.179.13', '0000-00-00 00:00:00', '0000-00-00 00:00:00'),
(91, 1, 'Media RS232 to LAN', '172.19.179.14', '0000-00-00 00:00:00', '0000-00-00 00:00:00'),
(92, 1, 'Media RS232 to LAN', '172.19.179.15', '0000-00-00 00:00:00', '0000-00-00 00:00:00'),
(93, 1, 'Media RS232 to LAN', '172.19.179.16', '0000-00-00 00:00:00', '0000-00-00 00:00:00'),
(94, 1, 'Media RS232 to LAN', '172.19.179.17', '0000-00-00 00:00:00', '0000-00-00 00:00:00'),
(95, 1, 'Media RS232 to LAN', '172.19.179.18', '0000-00-00 00:00:00', '0000-00-00 00:00:00'),
(96, 1, 'Media RS232 to LAN', '172.19.179.19', '0000-00-00 00:00:00', '0000-00-00 00:00:00'),
(97, 1, 'Media RS232 to LAN', '172.19.179.20', '0000-00-00 00:00:00', '0000-00-00 00:00:00'),
(98, 1, 'Media RS232 to LAN', '172.19.179.21', '0000-00-00 00:00:00', '0000-00-00 00:00:00'),
(99, 1, 'Media RS232 to LAN', '172.19.179.22', '0000-00-00 00:00:00', '0000-00-00 00:00:00'),
(100, 1, 'Media RS232 to LAN', '172.19.179.23', '0000-00-00 00:00:00', '0000-00-00 00:00:00'),
(101, 7, 'Media RS232 to LAN', '10.19.57.210', '0000-00-00 00:00:00', '0000-00-00 00:00:00'),
(102, 11, 'Media RS232 to LAN', '10.19.7.210', '0000-00-00 00:00:00', '0000-00-00 00:00:00'),
(103, 21, 'Media RS232 to LAN', '10.19.9.210', '0000-00-00 00:00:00', '0000-00-00 00:00:00'),
(104, 29, 'Media RS232 to LAN', '10.19.33.210', '0000-00-00 00:00:00', '0000-00-00 00:00:00'),
(105, 37, 'Media RS232 to LAN', '172.19.109.210', '0000-00-00 00:00:00', '0000-00-00 00:00:00'),
(106, 54, 'Media RS232 to LAN', '10.19.25.210', '0000-00-00 00:00:00', '0000-00-00 00:00:00'),
(107, 55, 'Media RS232 to LAN', '10.19.27.210', '0000-00-00 00:00:00', '0000-00-00 00:00:00'),
(108, 62, 'Media RS232 to LAN', '10.19.37.210', '0000-00-00 00:00:00', '0000-00-00 00:00:00'),
(109, 63, 'Media RS232 to LAN', '172.19.71.237', '0000-00-00 00:00:00', '0000-00-00 00:00:00'),
(110, 64, 'Media RS232 to LAN', '10.19.49.210', '0000-00-00 00:00:00', '0000-00-00 00:00:00'),
(111, 67, 'Media RS232 to LAN', '172.19.43.210', '0000-00-00 00:00:00', '0000-00-00 00:00:00'),
(112, 72, 'Media RS232 to LAN', '10.19.41.210', '0000-00-00 00:00:00', '0000-00-00 00:00:00'),
(113, 74, 'Media RS232 to LAN', '172.19.73.211', '0000-00-00 00:00:00', '0000-00-00 00:00:00'),
(114, 76, 'Media RS232 to LAN', '172.19.60.210', '0000-00-00 00:00:00', '0000-00-00 00:00:00'),
(115, 80, 'Media RS232 to LAN', '10.19.39.210', '0000-00-00 00:00:00', '0000-00-00 00:00:00'),
(116, 81, 'Media RS232 to LAN', '172.19.73.237', '0000-00-00 00:00:00', '0000-00-00 00:00:00'),
(117, 83, 'Media RS232 to LAN', '172.19.11.210', '0000-00-00 00:00:00', '0000-00-00 00:00:00'),
(118, 91, 'Media RS232 to LAN', '10.19.17.210', '0000-00-00 00:00:00', '0000-00-00 00:00:00'),
(119, 92, 'Media RS232 to LAN', '10.19.55.210', '0000-00-00 00:00:00', '0000-00-00 00:00:00'),
(120, 93, 'Media RS232 to LAN', '10.19.19.210', '0000-00-00 00:00:00', '0000-00-00 00:00:00'),
(121, 96, 'Media RS232 to LAN', '10.19.15.210', '0000-00-00 00:00:00', '0000-00-00 00:00:00'),
(122, 103, 'Media RS232 to LAN', '10.19.13.210', '0000-00-00 00:00:00', '0000-00-00 00:00:00'),
(123, 108, 'Media RS232 to LAN', '10.19.23.210', '0000-00-00 00:00:00', '0000-00-00 00:00:00'),
(124, 96, 'SIP Phone', '10.19.15.220', '2020-01-27 17:00:00', '2020-01-27 17:00:00'),
(125, 1, 'VoIP', '172.19.179.222', '0000-00-00 00:00:00', '0000-00-00 00:00:00'),
(126, 1, 'VoIP', '172.19.179.223', '0000-00-00 00:00:00', '0000-00-00 00:00:00'),
(127, 1, 'VoIP', '172.19.179.224', '0000-00-00 00:00:00', '0000-00-00 00:00:00'),
(128, 1, 'VoIP', '172.19.179.225', '0000-00-00 00:00:00', '0000-00-00 00:00:00'),
(129, 1, 'VoIP', '172.19.179.226', '0000-00-00 00:00:00', '0000-00-00 00:00:00'),
(130, 1, 'VoIP', '172.19.179.227', '0000-00-00 00:00:00', '0000-00-00 00:00:00'),
(131, 1, 'VoIP', '172.19.179.228', '0000-00-00 00:00:00', '0000-00-00 00:00:00'),
(132, 1, 'VoIP', '172.19.179.229', '0000-00-00 00:00:00', '0000-00-00 00:00:00'),
(133, 1, 'VoIP', '172.19.179.230', '0000-00-00 00:00:00', '0000-00-00 00:00:00'),
(134, 1, 'VoIP', '172.19.179.231', '0000-00-00 00:00:00', '0000-00-00 00:00:00'),
(135, 1, 'VoIP', '172.19.179.232', '0000-00-00 00:00:00', '0000-00-00 00:00:00'),
(136, 1, 'VoIP', '172.19.179.233', '0000-00-00 00:00:00', '0000-00-00 00:00:00'),
(137, 1, 'VoIP', '172.19.179.234', '0000-00-00 00:00:00', '0000-00-00 00:00:00'),
(138, 1, 'VoIP', '172.19.179.237', '0000-00-00 00:00:00', '0000-00-00 00:00:00'),
(139, 1, 'VoIP', '172.19.179.238', '0000-00-00 00:00:00', '0000-00-00 00:00:00'),
(140, 1, 'VoIP', '172.19.179.239', '0000-00-00 00:00:00', '0000-00-00 00:00:00'),
(141, 90, 'VoIP', '10.119.23.206', '0000-00-00 00:00:00', '0000-00-00 00:00:00'),
(142, 89, 'VoIP', '172.19.101.237', '0000-00-00 00:00:00', '0000-00-00 00:00:00'),
(143, 97, 'VoIP', '10.119.30.206', '0000-00-00 00:00:00', '0000-00-00 00:00:00'),
(144, 39, 'VoIP', '10.119.20.206', '0000-00-00 00:00:00', '0000-00-00 00:00:00'),
(145, 40, 'VoIP', '10.119.21.206', '0000-00-00 00:00:00', '0000-00-00 00:00:00'),
(146, 41, 'VoIP', '10.119.22.206', '0000-00-00 00:00:00', '0000-00-00 00:00:00'),
(147, 52, 'VoIP', '10.119.19.206', '0000-00-00 00:00:00', '0000-00-00 00:00:00'),
(148, 53, 'VoIP', '10.119.18.206', '0000-00-00 00:00:00', '0000-00-00 00:00:00'),
(149, 51, 'VoIP', '172.19.112.206', '0000-00-00 00:00:00', '0000-00-00 00:00:00'),
(150, 27, 'VoIP', '10.119.16.206', '0000-00-00 00:00:00', '0000-00-00 00:00:00'),
(151, 28, 'VoIP', '10.119.17.206', '0000-00-00 00:00:00', '0000-00-00 00:00:00'),
(152, 33, 'VoIP', '10.119.31.206', '0000-00-00 00:00:00', '0000-00-00 00:00:00'),
(153, 15, 'VoIP', '10.119.14.206', '0000-00-00 00:00:00', '0000-00-00 00:00:00'),
(154, 16, 'VoIP', '10.119.15.206', '0000-00-00 00:00:00', '0000-00-00 00:00:00'),
(155, 71, 'VoIP', '10.119.29.206', '0000-00-00 00:00:00', '0000-00-00 00:00:00'),
(156, 100, 'VoIP', '10.119.26.206', '0000-00-00 00:00:00', '0000-00-00 00:00:00'),
(157, 101, 'VoIP', '10.119.27.206', '0000-00-00 00:00:00', '0000-00-00 00:00:00'),
(158, 60, 'VoIP', '10.119.28.206', '0000-00-00 00:00:00', '0000-00-00 00:00:00'),
(159, 65, 'VoIP', '10.119.33.206', '0000-00-00 00:00:00', '0000-00-00 00:00:00'),
(160, 106, 'VoIP', '10.119.24.206', '0000-00-00 00:00:00', '0000-00-00 00:00:00'),
(161, 107, 'VoIP', '10.119.25.206', '0000-00-00 00:00:00', '0000-00-00 00:00:00'),
(162, 99, 'VoIP', '172.19.129.206', '0000-00-00 00:00:00', '0000-00-00 00:00:00'),
(163, 94, 'VoIP', '10.19.53.206', '0000-00-00 00:00:00', '0000-00-00 00:00:00'),
(164, 48, 'VoIP', '172.19.30.208', '0000-00-00 00:00:00', '0000-00-00 00:00:00'),
(165, 48, 'VoIP', '172.19.30.209', '0000-00-00 00:00:00', '0000-00-00 00:00:00'),
(166, 30, 'VoIP', '10.19.33.222', '0000-00-00 00:00:00', '0000-00-00 00:00:00'),
(167, 45, 'VoIP', '10.119.34.206', '0000-00-00 00:00:00', '0000-00-00 00:00:00'),
(168, 34, 'VoIP', '172.19.49.238', '0000-00-00 00:00:00', '0000-00-00 00:00:00'),
(169, 76, 'VoIP', '172.19.60.237', '0000-00-00 00:00:00', '0000-00-00 00:00:00'),
(170, 79, 'VoIP', '10.19.51.206', '0000-00-00 00:00:00', '0000-00-00 00:00:00'),
(171, 74, 'VoIP', '172.19.73.235', '0000-00-00 00:00:00', '0000-00-00 00:00:00'),
(172, 80, 'VoIP', '172.19.73.236', '0000-00-00 00:00:00', '0000-00-00 00:00:00'),
(173, 57, 'VoIP', '172.19.41.240', '0000-00-00 00:00:00', '0000-00-00 00:00:00'),
(174, 63, 'VoIP', '172.19.71.236', '0000-00-00 00:00:00', '0000-00-00 00:00:00'),
(175, 9, 'VoIP', '172.19.22.206', '0000-00-00 00:00:00', '0000-00-00 00:00:00'),
(176, 10, 'VoIP', '172.19.132.206', '0000-00-00 00:00:00', '0000-00-00 00:00:00'),
(177, 20, 'VoIP', '172.19.121.237', '0000-00-00 00:00:00', '0000-00-00 00:00:00'),
(178, 8, 'VoIP', '10.119.32.206', '0000-00-00 00:00:00', '0000-00-00 00:00:00'),
(188, 1, 'Voice Gateway', '10.219.3.22', '0000-00-00 00:00:00', '0000-00-00 00:00:00'),
(189, 2, 'Voice Gateway', '10.219.4.22', '0000-00-00 00:00:00', '0000-00-00 00:00:00'),
(190, 82, 'Voice Gateway', '10.219.9.22', '0000-00-00 00:00:00', '0000-00-00 00:00:00'),
(191, 46, 'Voice Gateway', '10.219.26.22', '0000-00-00 00:00:00', '0000-00-00 00:00:00'),
(192, 34, 'Voice Gateway', '10.219.49.22', '0000-00-00 00:00:00', '0000-00-00 00:00:00'),
(193, 23, 'Voice Gateway', '10.219.33.22', '0000-00-00 00:00:00', '0000-00-00 00:00:00'),
(194, 57, 'Voice Gateway', '10.219.41.22', '0000-00-00 00:00:00', '0000-00-00 00:00:00'),
(195, 3, 'Forth', '10.219.19.22', '0000-00-00 00:00:00', '0000-00-00 00:00:00'),
(196, 13, 'Forth', '172.19.21.243', '0000-00-00 00:00:00', '0000-00-00 00:00:00'),
(197, 14, 'Forth', '10.219.62.22', '0000-00-00 00:00:00', '0000-00-00 00:00:00'),
(198, 87, 'Forth', '10.219.15.22', '0000-00-00 00:00:00', '0000-00-00 00:00:00'),
(199, 83, 'Forth', '10.219.11.22', '0000-00-00 00:00:00', '0000-00-00 00:00:00'),
(200, 85, 'Forth', '10.219.12.22', '0000-00-00 00:00:00', '0000-00-00 00:00:00'),
(201, 58, 'Forth', '10.219.24.22', '0000-00-00 00:00:00', '0000-00-00 00:00:00'),
(202, 75, 'Forth', '172.19.45.243', '0000-00-00 00:00:00', '0000-00-00 00:00:00'),
(203, 76, 'Forth', '172.19.60.243', '0000-00-00 00:00:00', '0000-00-00 00:00:00'),
(204, 47, 'Forth', '10.219.29.243', '0000-00-00 00:00:00', '0000-00-00 00:00:00'),
(205, 50, 'Forth', '172.19.28.243', '0000-00-00 00:00:00', '0000-00-00 00:00:00'),
(206, 25, 'Forth', '10.219.35.22', '0000-00-00 00:00:00', '0000-00-00 00:00:00'),
(207, 24, 'Forth', '10.219.36.22', '0000-00-00 00:00:00', '0000-00-00 00:00:00'),
(208, 35, 'Forth', '172.19.51.243', '0000-00-00 00:00:00', '0000-00-00 00:00:00'),
(209, 36, 'Forth', '10.219.52.22', '0000-00-00 00:00:00', '0000-00-00 00:00:00'),
(210, 105, 'Forth', '10.219.90.22', '0000-00-00 00:00:00', '0000-00-00 00:00:00'),
(211, 37, 'Forth', '172.19.109.243', '0000-00-00 00:00:00', '0000-00-00 00:00:00'),
(219, 11, 'SIP Phone', '10.19.7.220', '0000-00-00 00:00:00', '0000-00-00 00:00:00'),
(220, 21, 'SIP Phone', '10.19.9.220', '0000-00-00 00:00:00', '0000-00-00 00:00:00'),
(221, 80, 'SIP Phone', '10.19.39.220', '0000-00-00 00:00:00', '0000-00-00 00:00:00'),
(222, 64, 'SIP Phone', '10.19.49.220', '0000-00-00 00:00:00', '0000-00-00 00:00:00'),
(223, 91, 'SIP Phone', '10.19.17.220', '0000-00-00 00:00:00', '0000-00-00 00:00:00'),
(224, 92, 'SIP Phone', '10.19.55.220', '0000-00-00 00:00:00', '0000-00-00 00:00:00'),
(225, 103, 'SIP Phone', '10.19.13.220', '0000-00-00 00:00:00', '0000-00-00 00:00:00'),
(226, 93, 'SIP Phone', '10.19.19.220', '0000-00-00 00:00:00', '0000-00-00 00:00:00'),
(227, 55, 'SIP Phone', '10.19.27.220', '0000-00-00 00:00:00', '0000-00-00 00:00:00'),
(228, 54, 'SIP Phone', '10.19.25.220', '0000-00-00 00:00:00', '0000-00-00 00:00:00'),
(229, 108, 'SIP Phone', '10.19.23.220', '0000-00-00 00:00:00', '0000-00-00 00:00:00'),
(230, 29, 'SIP Phone', '10.19.33.220', '0000-00-00 00:00:00', '0000-00-00 00:00:00'),
(231, 7, 'SIP Phone', '10.19.57.60', '0000-00-00 00:00:00', '0000-00-00 00:00:00'),
(232, 90, 'RoIP', '10.119.23.245', '0000-00-00 00:00:00', '0000-00-00 00:00:00'),
(233, 100, 'RoIP', '10.119.26.245', '0000-00-00 00:00:00', '0000-00-00 00:00:00'),
(234, 68, 'RoIP', '172.19.124.245', '0000-00-00 00:00:00', '0000-00-00 00:00:00'),
(235, 62, 'RoIP', '10.19.37.245', '0000-00-00 00:00:00', '0000-00-00 00:00:00'),
(236, 1, 'RoIP', '172.19.3.245', '0000-00-00 00:00:00', '0000-00-00 00:00:00'),
(237, 70, 'RoIP', '172.19.125.245', '0000-00-00 00:00:00', '0000-00-00 00:00:00');

-- --------------------------------------------------------

--
-- Table structure for table `display_status_records`
--

CREATE TABLE `display_status_records` (
  `id` bigint(20) UNSIGNED NOT NULL,
  `device_id` bigint(20) UNSIGNED NOT NULL,
  `status` enum('up','down') COLLATE utf8mb4_unicode_ci NOT NULL,
  `created_at` timestamp NULL DEFAULT NULL,
  `updated_at` timestamp NULL DEFAULT NULL
) ENGINE=InnoDB DEFAULT CHARSET=utf8mb4 COLLATE=utf8mb4_unicode_ci;

-- --------------------------------------------------------

--
-- Table structure for table `failed_jobs`
--

CREATE TABLE `failed_jobs` (
  `id` bigint(20) UNSIGNED NOT NULL,
  `connection` text COLLATE utf8mb4_unicode_ci NOT NULL,
  `queue` text COLLATE utf8mb4_unicode_ci NOT NULL,
  `payload` longtext COLLATE utf8mb4_unicode_ci NOT NULL,
  `exception` longtext COLLATE utf8mb4_unicode_ci NOT NULL,
  `failed_at` timestamp NOT NULL DEFAULT current_timestamp()
) ENGINE=InnoDB DEFAULT CHARSET=utf8mb4 COLLATE=utf8mb4_unicode_ci;

-- --------------------------------------------------------

--
-- Table structure for table `migrations`
--

CREATE TABLE `migrations` (
  `id` int(10) UNSIGNED NOT NULL,
  `migration` varchar(255) COLLATE utf8mb4_unicode_ci NOT NULL,
  `batch` int(11) NOT NULL
) ENGINE=InnoDB DEFAULT CHARSET=utf8mb4 COLLATE=utf8mb4_unicode_ci;

--
-- Dumping data for table `migrations`
--

INSERT INTO `migrations` (`id`, `migration`, `batch`) VALUES
(1, '2014_10_12_000000_create_users_table', 1),
(2, '2014_10_12_100000_create_password_resets_table', 1),
(3, '2019_08_19_000000_create_failed_jobs_table', 1),
(4, '2019_12_22_012133_create_nodes_table', 2),
(5, '2019_12_24_152931_add_abbr_t_h_to_nodes_table', 3),
(6, '2019_12_24_153050_add_abbr_e_n_to_nodes_table', 3),
(7, '2019_12_24_154520_create_nodes_table', 4),
(8, '2019_12_24_161625_create_devices_table', 5),
(9, '2019_12_24_162004_create_status_table', 6),
(10, '2019_12_28_194635_create_nodes_table', 7),
(11, '2019_12_28_194923_create_devices_table', 8),
(12, '2020_01_06_095636_create_nodes_table', 9),
(13, '2020_01_06_095902_create_devices_table', 10),
(14, '2020_01_06_100205_create_status_records_table', 11),
(15, '2020_01_06_111004_create_nodes_table', 12),
(16, '2020_01_06_113233_create_devices_table', 13),
(17, '2020_01_06_113430_create_status_records_table', 14),
(18, '2020_02_18_142531_create_display_status_records_table', 15);

-- --------------------------------------------------------

--
-- Table structure for table `nodes`
--

CREATE TABLE `nodes` (
  `id` bigint(20) UNSIGNED NOT NULL,
  `hier` enum('กฟจ.','กฟอ.','กฟส.อ.','กฟย.อ.','กฟย.ต.','กฟย.บ.','สถานีฯ','คลังพัสดุ','PEA Shop') COLLATE utf8mb4_unicode_ci NOT NULL,
  `name` varchar(255) COLLATE utf8mb4_unicode_ci NOT NULL,
  `memOf` enum('กฟจ.ลพบุรี','กฟอ.พัฒนานิคม','กฟอ.โคกสำโรง','กฟอ.ชัยบาดาล','กฟจ.สิงห์บุรี','กฟจ.อุทัยธานี','กฟจ.ชัยนาท','กฟจ.เพชรบูรณ์','กฟอ.หล่มสัก','กฟอ.หนองไผ่','กฟจ.นครสวรรค์','กฟอ.ลาดยาว','กฟอ.ตาคลี') COLLATE utf8mb4_unicode_ci NOT NULL,
  `abbrTH` varchar(255) COLLATE utf8mb4_unicode_ci NOT NULL,
  `abbrEN` varchar(255) COLLATE utf8mb4_unicode_ci NOT NULL,
  `created_at` timestamp NULL DEFAULT NULL,
  `updated_at` timestamp NULL DEFAULT NULL
) ENGINE=InnoDB DEFAULT CHARSET=utf8mb4 COLLATE=utf8mb4_unicode_ci;

--
-- Dumping data for table `nodes`
--

INSERT INTO `nodes` (`id`, `hier`, `name`, `memOf`, `abbrTH`, `abbrEN`, `created_at`, `updated_at`) VALUES
(1, '', 'ศจฟ.กฟน.3', '', 'ศจฟ.กฟน.3', 'ADDC_N3', '0000-00-00 00:00:00', '0000-00-00 00:00:00'),
(2, 'กฟจ.', 'ลพบุรี', 'กฟจ.ลพบุรี', 'ลบ.', 'LBR', '0000-00-00 00:00:00', '0000-00-00 00:00:00'),
(3, 'กฟส.อ.', 'ท่าวุ้ง', 'กฟจ.ลพบุรี', 'ทวง.', 'TAW', '0000-00-00 00:00:00', '0000-00-00 00:00:00'),
(4, 'สถานีฯ', 'ลพบุรี 1', 'กฟจ.ลพบุรี', '', 'LBA', '0000-00-00 00:00:00', '0000-00-00 00:00:00'),
(5, 'สถานีฯ', 'ลพบุรี 2', 'กฟจ.ลพบุรี', '', 'LBB', '0000-00-00 00:00:00', '0000-00-00 00:00:00'),
(6, 'สถานีฯ', 'ลพบุรี 3', 'กฟจ.ลพบุรี', '', 'LBC', '0000-00-00 00:00:00', '0000-00-00 00:00:00'),
(7, 'สถานีฯ', 'ท่าวุ้ง', 'กฟจ.ลพบุรี', '', 'TWA', '0000-00-00 00:00:00', '0000-00-00 00:00:00'),
(8, 'PEA Shop', 'Big C', 'กฟจ.ลพบุรี', '', '', '0000-00-00 00:00:00', '0000-00-00 00:00:00'),
(9, 'กฟอ.', 'พัฒนานิคม', 'กฟอ.พัฒนานิคม', 'พฒ.', 'PTK', '0000-00-00 00:00:00', '0000-00-00 00:00:00'),
(10, 'กฟย.บ.', 'แก่งเสือเต้น', 'กฟอ.พัฒนานิคม', 'บ.กสต.', 'BA', '0000-00-00 00:00:00', '0000-00-00 00:00:00'),
(11, 'สถานีฯ', 'พัฒนานิคม', 'กฟอ.พัฒนานิคม', '', 'PXA', '0000-00-00 00:00:00', '0000-00-00 00:00:00'),
(12, 'กฟอ.', 'โคกสำโรง', 'กฟอ.โคกสำโรง', 'คสร.', 'KSG', '0000-00-00 00:00:00', '0000-00-00 00:00:00'),
(13, 'กฟส.อ.', 'บ้านหมี่', 'กฟอ.โคกสำโรง', 'บม.', 'BAM', '0000-00-00 00:00:00', '0000-00-00 00:00:00'),
(14, 'กฟส.อ.', 'หนองม่วง', 'กฟอ.โคกสำโรง', 'นมง.', 'NMU', '0000-00-00 00:00:00', '0000-00-00 00:00:00'),
(15, 'กฟย.อ.', 'สระโบสถ์', 'กฟอ.โคกสำโรง', 'สรบ.', 'SB', '0000-00-00 00:00:00', '0000-00-00 00:00:00'),
(16, 'กฟย.อ.', 'โคกเจริญ', 'กฟอ.โคกสำโรง', 'คจ.', 'KJ', '0000-00-00 00:00:00', '0000-00-00 00:00:00'),
(17, 'สถานีฯ', 'โคกสำโรง', 'กฟอ.โคกสำโรง', '', 'KSR', '0000-00-00 00:00:00', '0000-00-00 00:00:00'),
(18, 'กฟอ.', 'ชัยบาดาล', 'กฟอ.ชัยบาดาล', 'ชบด.', 'CBD', '0000-00-00 00:00:00', '0000-00-00 00:00:00'),
(19, 'กฟส.อ.', 'ท่าหลวง', 'กฟอ.ชัยบาดาล', 'ทลง.', 'TLU', '0000-00-00 00:00:00', '0000-00-00 00:00:00'),
(20, 'กฟย.อ.', 'ลำสนธิ', 'กฟอ.ชัยบาดาล', 'ลสธ.', 'LT', '0000-00-00 00:00:00', '0000-00-00 00:00:00'),
(21, 'สถานีฯ', 'ชัยบาดาล 1', 'กฟอ.ชัยบาดาล', '', 'CDA', '0000-00-00 00:00:00', '0000-00-00 00:00:00'),
(22, 'สถานีฯ', 'ชัยบาดาล 2', 'กฟอ.ชัยบาดาล', '', 'CDB', '0000-00-00 00:00:00', '0000-00-00 00:00:00'),
(23, 'กฟจ.', 'สิงห์บุรี', 'กฟจ.สิงห์บุรี', 'สห.', 'SBR', '0000-00-00 00:00:00', '0000-00-00 00:00:00'),
(24, 'กฟส.อ.', 'อินทร์บุรี', 'กฟจ.สิงห์บุรี', 'อบร.', 'IBR', '0000-00-00 00:00:00', '0000-00-00 00:00:00'),
(25, 'กฟส.อ.', 'ค่ายบางระจัน', 'กฟจ.สิงห์บุรี', 'คบจ.', 'KBC', '0000-00-00 00:00:00', '0000-00-00 00:00:00'),
(26, 'กฟส.อ.', 'พรหมบุรี', 'กฟจ.สิงห์บุรี', 'พบร.', 'PBU', '0000-00-00 00:00:00', '0000-00-00 00:00:00'),
(27, 'กฟย.อ.', 'บางระจัน', 'กฟจ.สิงห์บุรี', 'บรจ.', 'BJ', '0000-00-00 00:00:00', '0000-00-00 00:00:00'),
(28, 'กฟย.อ.', 'ท่าช้าง', 'กฟจ.สิงห์บุรี', 'ทชง.', 'TC', '0000-00-00 00:00:00', '0000-00-00 00:00:00'),
(29, 'สถานีฯ', 'สิงห์บุรี', 'กฟจ.สิงห์บุรี', '', 'SBA', '0000-00-00 00:00:00', '0000-00-00 00:00:00'),
(30, 'สถานีฯ', 'อินทร์บุรี', 'กฟจ.สิงห์บุรี', '', 'IBU', '0000-00-00 00:00:00', '0000-00-00 00:00:00'),
(31, 'สถานีฯ', 'พรหมบุรี', 'กฟจ.สิงห์บุรี', '', 'PRI', '0000-00-00 00:00:00', '0000-00-00 00:00:00'),
(32, 'สถานีฯ', 'ค่าบางระจัน', 'กฟจ.สิงห์บุรี', '', 'KBG', '0000-00-00 00:00:00', '0000-00-00 00:00:00'),
(33, 'PEA Shop', 'ChaiSang', 'กฟจ.สิงห์บุรี', 'PEA Shop ไชยแสง', 'PEA Shop ChaiSang', '0000-00-00 00:00:00', '2020-02-18 03:08:00'),
(34, 'กฟจ.', 'อุทัยธานี', 'กฟจ.อุทัยธานี', 'อน.', 'UTT', '0000-00-00 00:00:00', '0000-00-00 00:00:00'),
(35, 'กฟส.อ.', 'หนองฉาง', 'กฟจ.อุทัยธานี', 'นฉ.', 'NOC', '0000-00-00 00:00:00', '0000-00-00 00:00:00'),
(36, 'กฟส.อ.', 'บ้านไร่', 'กฟจ.อุทัยธานี', 'บนร.', 'BNR', '0000-00-00 00:00:00', '0000-00-00 00:00:00'),
(37, 'กฟส.อ.', 'ลานสัก', 'กฟจ.อุทัยธานี', 'ลนส.', 'LNS', '0000-00-00 00:00:00', '0000-00-00 00:00:00'),
(38, 'กฟย.อ.', 'หนองขาหย่าง', 'กฟจ.อุทัยธานี', 'นขย.', 'NY', '0000-00-00 00:00:00', '0000-00-00 00:00:00'),
(39, 'กฟย.อ.', 'ทัพทัน', 'กฟจ.อุทัยธานี', 'ทท.', 'TT', '0000-00-00 00:00:00', '0000-00-00 00:00:00'),
(40, 'กฟย.อ.', 'สว่างอารมณ์', 'กฟจ.อุทัยธานี', 'สอร.', 'SW', '0000-00-00 00:00:00', '0000-00-00 00:00:00'),
(41, 'กฟย.อ.', 'ห้วยคต', 'กฟจ.อุทัยธานี', 'หต.', 'HK', '0000-00-00 00:00:00', '0000-00-00 00:00:00'),
(42, 'กฟย.ต.', 'เมืองการุ้ง', 'กฟจ.อุทัยธานี', 'มกร.', 'KR', '0000-00-00 00:00:00', '0000-00-00 00:00:00'),
(43, 'สถานีฯ', 'อุทัยธานี', 'กฟจ.อุทัยธานี', 'UAA', 'UAA', '0000-00-00 00:00:00', '0000-00-00 00:00:00'),
(44, 'สถานีฯ', 'หนองฉาง', 'กฟจ.อุทัยธานี', 'NCH', 'NCH', '0000-00-00 00:00:00', '0000-00-00 00:00:00'),
(45, 'PEA Shop', 'อุทัยธานี', 'กฟจ.อุทัยธานี', 'PEA Shop อุทัยธานี', 'PEA Shop Utaitani', '0000-00-00 00:00:00', '0000-00-00 00:00:00'),
(46, 'กฟจ.', 'ชัยนาท', 'กฟจ.ชัยนาท', 'ชน.', 'CNT', '0000-00-00 00:00:00', '0000-00-00 00:00:00'),
(47, 'กฟส.อ.', 'มโนรมย์', 'กฟจ.ชัยนาท', 'มน.', 'MNR', '0000-00-00 00:00:00', '0000-00-00 00:00:00'),
(48, 'กฟส.อ.', 'วัดสิงห์', 'กฟจ.ชัยนาท', 'วสง.', 'WAS', '0000-00-00 00:00:00', '0000-00-00 00:00:00'),
(49, 'กฟส.อ.', 'หันคา', 'กฟจ.ชัยนาท', 'หค.', 'HAK', '0000-00-00 00:00:00', '0000-00-00 00:00:00'),
(50, 'กฟส.อ.', 'สรรคบุรี', 'กฟจ.ชัยนาท', 'สคบ.', 'SKB', '0000-00-00 00:00:00', '0000-00-00 00:00:00'),
(51, 'กฟย.อ.', 'เนินขาม', 'กฟจ.ชัยนาท', 'นขม.', 'NK', '0000-00-00 00:00:00', '0000-00-00 00:00:00'),
(52, 'กฟย.อ.', 'หนองมะโมง', 'กฟจ.ชัยนาท', 'นมม.', 'NMM', '0000-00-00 00:00:00', '0000-00-00 00:00:00'),
(53, 'กฟย.อ.', 'สรรพยา', 'กฟจ.ชัยนาท', 'สพย.', 'SP', '0000-00-00 00:00:00', '0000-00-00 00:00:00'),
(54, 'สถานีฯ', 'ชัยนาท', 'กฟจ.ชัยนาท', '', 'CNA', '0000-00-00 00:00:00', '0000-00-00 00:00:00'),
(55, 'สถานีฯ', 'มโนรมย์', 'กฟจ.ชัยนาท', '', 'MRA', '0000-00-00 00:00:00', '0000-00-00 00:00:00'),
(56, 'สถานีฯ', 'หันคา', 'กฟจ.ชัยนาท', '', 'HKA', '0000-00-00 00:00:00', '0000-00-00 00:00:00'),
(57, 'กฟจ.', 'เพชรบูรณ์', 'กฟจ.เพชรบูรณ์', 'พช.', 'PCB', '0000-00-00 00:00:00', '0000-00-00 00:00:00'),
(58, 'กฟส.อ.', 'ชนแดน', 'กฟจ.เพชรบูรณ์', 'ชด.', 'CND', '0000-00-00 00:00:00', '0000-00-00 00:00:00'),
(59, 'กฟย.อ.', 'เขาค้อ', 'กฟจ.เพชรบูรณ์', 'ขค.', 'KK', '0000-00-00 00:00:00', '0000-00-00 00:00:00'),
(60, 'กฟย.อ.', 'วังโป่ง', 'กฟจ.เพชรบูรณ์', 'วปง.', 'WP', '0000-00-00 00:00:00', '0000-00-00 00:00:00'),
(61, 'กฟย.ต.', 'วังชมภู', 'กฟจ.เพชรบูรณ์', 'วมภ.', 'WC', '0000-00-00 00:00:00', '0000-00-00 00:00:00'),
(62, 'สถานีฯ', 'เพชรบูรณ์ 1', 'กฟจ.เพชรบูรณ์', '', 'PEA', '0000-00-00 00:00:00', '0000-00-00 00:00:00'),
(63, 'สถานีฯ', 'เพชรบูรณ์ 2 ชั่วคราว', 'กฟจ.เพชรบูรณ์', '', 'PEU', '0000-00-00 00:00:00', '0000-00-00 00:00:00'),
(64, 'สถานีฯ', 'ชนแดน', 'กฟจ.เพชรบูรณ์', '', 'CON', '0000-00-00 00:00:00', '0000-00-00 00:00:00'),
(65, 'PEA Shop', 'Big C', 'กฟจ.เพชรบูรณ์', 'PEA Shop Big C เพชรบูรณ์', 'PEA Shop Big C PCB', '0000-00-00 00:00:00', '0000-00-00 00:00:00'),
(66, 'กฟอ.', 'หล่มสัก', 'กฟอ.หล่มสัก', 'ลมส.', 'LOS', '0000-00-00 00:00:00', '0000-00-00 00:00:00'),
(67, 'กฟส.อ.', 'หล่มเก่า', 'กฟอ.หล่มสัก', 'ลมก.', 'LOK', '0000-00-00 00:00:00', '0000-00-00 00:00:00'),
(68, 'กฟย.อ.', 'น้ำหนาว', 'กฟอ.หล่มสัก', 'นน.', 'NN', '0000-00-00 00:00:00', '0000-00-00 00:00:00'),
(69, 'กฟย.ต.', 'แคมป์สน', 'กฟอ.หล่มสัก', 'คสน.', 'CP', '0000-00-00 00:00:00', '0000-00-00 00:00:00'),
(70, 'กฟย.ต.', 'ตาดกลอย', 'กฟอ.หล่มสัก', 'ตกล.', 'TG', '0000-00-00 00:00:00', '0000-00-00 00:00:00'),
(71, 'กฟย.ต.', 'บ้านกลาง', 'กฟอ.หล่มสัก', 'บกล.', 'BK', '0000-00-00 00:00:00', '0000-00-00 00:00:00'),
(72, 'สถานีฯ', 'หล่มสัก', 'กฟอ.หล่มสัก', '', 'LOA', '0000-00-00 00:00:00', '0000-00-00 00:00:00'),
(73, 'สถานีฯ', 'หล่มเก่า', 'กฟอ.หล่มสัก', '', 'LOK', '0000-00-00 00:00:00', '0000-00-00 00:00:00'),
(74, 'กฟอ.', 'หนองไผ่', 'กฟอ.หนองไผ่', 'นผ.', 'NOP', '0000-00-00 00:00:00', '0000-00-00 00:00:00'),
(75, 'กฟส.อ.', 'วิเชียรบุรี', 'กฟอ.หนองไผ่', 'วร.', 'WCB', '0000-00-00 00:00:00', '0000-00-00 00:00:00'),
(76, 'กฟส.อ.', 'ศรีเทพ', 'กฟอ.หนองไผ่', 'ศท.', 'STH', '0000-00-00 00:00:00', '0000-00-00 00:00:00'),
(77, 'กฟส.อ.', 'บึงสามพัน', 'กฟอ.หนองไผ่', 'บงส.', 'BSP', '0000-00-00 00:00:00', '0000-00-00 00:00:00'),
(78, 'กฟย.ต.', 'พุเตย', 'กฟอ.หนองไผ่', 'พต.', 'PT', '0000-00-00 00:00:00', '0000-00-00 00:00:00'),
(79, 'สถานีฯ', 'วิเชียรบุรี', 'กฟอ.หนองไผ่', '', 'WIR', '0000-00-00 00:00:00', '0000-00-00 00:00:00'),
(80, 'สถานีฯ', 'บึงสามพัน', 'กฟอ.หนองไผ่', '', 'BSH', '0000-00-00 00:00:00', '0000-00-00 00:00:00'),
(81, 'สถานีฯ', 'หนองไผ่', 'กฟอ.หนองไผ่', '', 'NGA', '0000-00-00 00:00:00', '0000-00-00 00:00:00'),
(82, 'กฟจ.', 'นครสวรรค์', 'กฟจ.นครสวรรค์', 'นว.', 'NSW', '0000-00-00 00:00:00', '0000-00-00 00:00:00'),
(83, 'กฟส.อ.', 'ชุมแสง', 'กฟจ.นครสวรรค์', 'ชสง.', 'CUS', '0000-00-00 00:00:00', '0000-00-00 00:00:00'),
(84, 'กฟส.อ.', 'บรรพตพิสัย', 'กฟจ.นครสวรรค์', 'บพส.', 'BPP', '0000-00-00 00:00:00', '0000-00-00 00:00:00'),
(85, 'กฟส.อ.', 'หนองบัว', 'กฟจ.นครสวรรค์', 'นบว.', 'NBU', '0000-00-00 00:00:00', '0000-00-00 00:00:00'),
(86, 'กฟส.อ.', 'ท่าตะโก', 'กฟจ.นครสวรรค์', 'ทก.', 'TTC', '0000-00-00 00:00:00', '0000-00-00 00:00:00'),
(87, 'กฟส.อ.', 'พยุหะคีรี', 'กฟจ.นครสวรรค์', 'พค.', 'PYH', '0000-00-00 00:00:00', '0000-00-00 00:00:00'),
(88, 'กฟย.อ.', 'ไพศาลี', 'กฟจ.นครสวรรค์', 'พศล.', 'PS', '0000-00-00 00:00:00', '0000-00-00 00:00:00'),
(89, 'กฟย.อ.', 'โกรกพระ', 'กฟจ.นครสวรรค์', 'กพร.', 'KP', '0000-00-00 00:00:00', '0000-00-00 00:00:00'),
(90, 'กฟย.อ.', 'เก้าเลี้ยว', 'กฟจ.นครสวรรค์', 'กลว.', 'KL', '0000-00-00 00:00:00', '0000-00-00 00:00:00'),
(91, 'สถานีฯ', 'นครสวรค์ 1', 'กฟจ.นครสวรรค์', '', 'NSA', '0000-00-00 00:00:00', '0000-00-00 00:00:00'),
(92, 'สถานีฯ', 'นครสวรค์ 1 ลานไก', 'กฟจ.นครสวรรค์', '', 'NS1', '0000-00-00 00:00:00', '0000-00-00 00:00:00'),
(93, 'สถานีฯ', 'นครสวรค์ 2', 'กฟจ.นครสวรรค์', '', 'NSB', '0000-00-00 00:00:00', '0000-00-00 00:00:00'),
(94, 'สถานีฯ', 'นครสวรค์ 4 ชั่วคราว', 'กฟจ.นครสวรรค์', '', 'NSU', '0000-00-00 00:00:00', '0000-00-00 00:00:00'),
(95, 'สถานีฯ', 'หนองบัว', 'กฟจ.นครสวรรค์', '', 'NOB', '0000-00-00 00:00:00', '0000-00-00 00:00:00'),
(96, 'สถานีฯ', 'ท่าตะโก', 'กฟจ.นครสวรรค์', '', 'TCA', '0000-00-00 00:00:00', '0000-00-00 00:00:00'),
(97, 'PEA Shop', 'FairyLand', 'กฟจ.นครสวรรค์', 'PEA Shop แฟร์รี่แลนด์', 'PEA Shop FairyLand', '0000-00-00 00:00:00', '0000-00-00 00:00:00'),
(98, 'กฟอ.', 'ลาดยาว', 'กฟอ.ลาดยาว', 'ลยว.', 'LAY', '0000-00-00 00:00:00', '0000-00-00 00:00:00'),
(99, 'กฟย.อ.', 'แม่วงก์', 'กฟอ.ลาดยาว', 'มว.', 'MW', '0000-00-00 00:00:00', '0000-00-00 00:00:00'),
(100, 'กฟย.อ.', 'ชุมตาบง', 'กฟอ.ลาดยาว', 'ชตบ.', 'CT', '0000-00-00 00:00:00', '0000-00-00 00:00:00'),
(101, 'กฟย.อ.', 'แม่เปิน', 'กฟอ.ลาดยาว', 'มป.', 'MPO', '0000-00-00 00:00:00', '0000-00-00 00:00:00'),
(102, '', 'บ้านหนองเบน', 'กฟอ.ลาดยาว', 'บนบ.', 'NB', '0000-00-00 00:00:00', '0000-00-00 00:00:00'),
(103, 'สถานีฯ', 'ลาดยาว', 'กฟอ.ลาดยาว', '', 'LAA', '0000-00-00 00:00:00', '0000-00-00 00:00:00'),
(104, 'กฟอ.', 'ตาคลี', 'กฟอ.ตาคลี', 'ตค.', 'TKE', '0000-00-00 00:00:00', '0000-00-00 00:00:00'),
(105, 'กฟส.อ.', 'ตากฟ้า', 'กฟอ.ตาคลี', 'ตฟ.', 'TKF', '0000-00-00 00:00:00', '0000-00-00 00:00:00'),
(106, 'กฟย.ต.', 'ช่องแค', 'กฟอ.ตาคลี', 'ชอค.', 'CA', '0000-00-00 00:00:00', '0000-00-00 00:00:00'),
(107, 'กฟย.ต.', 'หัวหวาย', 'กฟอ.ตาคลี', 'หหว.', 'HW', '0000-00-00 00:00:00', '0000-00-00 00:00:00'),
(108, 'สถานีฯ', 'ตาคลี 2', 'กฟอ.ตาคลี', '', 'TKB', '0000-00-00 00:00:00', '0000-00-00 00:00:00');

-- --------------------------------------------------------

--
-- Table structure for table `password_resets`
--

CREATE TABLE `password_resets` (
  `email` varchar(255) COLLATE utf8mb4_unicode_ci NOT NULL,
  `token` varchar(255) COLLATE utf8mb4_unicode_ci NOT NULL,
  `created_at` timestamp NULL DEFAULT NULL
) ENGINE=InnoDB DEFAULT CHARSET=utf8mb4 COLLATE=utf8mb4_unicode_ci;

-- --------------------------------------------------------

--
-- Table structure for table `status_records`
--

CREATE TABLE `status_records` (
  `id` bigint(20) UNSIGNED NOT NULL,
  `device_id` bigint(20) UNSIGNED NOT NULL,
  `status` enum('up','down') COLLATE utf8mb4_unicode_ci NOT NULL,
  `created_at` timestamp NULL DEFAULT NULL,
  `updated_at` timestamp NULL DEFAULT NULL
) ENGINE=InnoDB DEFAULT CHARSET=utf8mb4 COLLATE=utf8mb4_unicode_ci;

--
-- Dumping data for table `status_records`
--

INSERT INTO `status_records` (`id`, `device_id`, `status`, `created_at`, `updated_at`) VALUES
(665, 1, 'down', '2020-03-09 07:25:24', '2020-03-09 07:25:24'),
(666, 2, 'down', '2020-03-09 07:25:24', '2020-03-09 07:25:24'),
(667, 3, 'up', '2020-03-09 07:25:24', '2020-03-09 07:25:24'),
(668, 4, 'up', '2020-03-09 07:25:24', '2020-03-09 07:25:24'),
(669, 5, 'up', '2020-03-09 07:25:24', '2020-03-09 07:25:24'),
(670, 6, 'up', '2020-03-09 07:25:24', '2020-03-09 07:25:24'),
(671, 7, 'up', '2020-03-09 07:25:24', '2020-03-09 07:25:24'),
(672, 8, 'up', '2020-03-09 07:25:24', '2020-03-09 07:25:24'),
(673, 9, 'up', '2020-03-09 07:25:24', '2020-03-09 07:25:24'),
(674, 10, 'up', '2020-03-09 07:25:24', '2020-03-09 07:25:24'),
(675, 11, 'up', '2020-03-09 07:25:24', '2020-03-09 07:25:24'),
(676, 12, 'up', '2020-03-09 07:25:24', '2020-03-09 07:25:24'),
(677, 13, 'up', '2020-03-09 07:25:24', '2020-03-09 07:25:24'),
(678, 14, 'up', '2020-03-09 07:25:24', '2020-03-09 07:25:24'),
(679, 15, 'up', '2020-03-09 07:25:24', '2020-03-09 07:25:24'),
(680, 16, 'up', '2020-03-09 07:25:24', '2020-03-09 07:25:24'),
(681, 17, 'up', '2020-03-09 07:25:24', '2020-03-09 07:25:24'),
(682, 18, 'up', '2020-03-09 07:25:24', '2020-03-09 07:25:24'),
(683, 19, 'up', '2020-03-09 07:25:24', '2020-03-09 07:25:24'),
(684, 20, 'up', '2020-03-09 07:25:24', '2020-03-09 07:25:24'),
(685, 21, 'up', '2020-03-09 07:25:25', '2020-03-09 07:25:25'),
(686, 22, 'up', '2020-03-09 07:25:25', '2020-03-09 07:25:25'),
(687, 23, 'up', '2020-03-09 07:25:25', '2020-03-09 07:25:25'),
(688, 24, 'up', '2020-03-09 07:25:25', '2020-03-09 07:25:25'),
(689, 25, 'up', '2020-03-09 07:25:25', '2020-03-09 07:25:25'),
(690, 26, 'up', '2020-03-09 07:25:25', '2020-03-09 07:25:25'),
(691, 27, 'up', '2020-03-09 07:25:25', '2020-03-09 07:25:25'),
(692, 28, 'up', '2020-03-09 07:25:25', '2020-03-09 07:25:25'),
(693, 29, 'up', '2020-03-09 07:25:25', '2020-03-09 07:25:25'),
(694, 30, 'up', '2020-03-09 07:25:25', '2020-03-09 07:25:25'),
(695, 31, 'down', '2020-03-09 07:25:25', '2020-03-09 07:25:25'),
(696, 32, 'up', '2020-03-09 07:25:25', '2020-03-09 07:25:25'),
(697, 33, 'up', '2020-03-09 07:25:25', '2020-03-09 07:25:25'),
(698, 34, 'up', '2020-03-09 07:25:25', '2020-03-09 07:25:25'),
(699, 35, 'up', '2020-03-09 07:25:25', '2020-03-09 07:25:25'),
(700, 36, 'up', '2020-03-09 07:25:25', '2020-03-09 07:25:25'),
(701, 37, 'up', '2020-03-09 07:25:25', '2020-03-09 07:25:25'),
(702, 38, 'up', '2020-03-09 07:25:25', '2020-03-09 07:25:25'),
(703, 39, 'up', '2020-03-09 07:25:25', '2020-03-09 07:25:25'),
(704, 40, 'up', '2020-03-09 07:25:25', '2020-03-09 07:25:25'),
(705, 41, 'up', '2020-03-09 07:25:25', '2020-03-09 07:25:25'),
(706, 42, 'down', '2020-03-09 07:25:25', '2020-03-09 07:25:25'),
(707, 43, 'up', '2020-03-09 07:25:25', '2020-03-09 07:25:25'),
(708, 44, 'up', '2020-03-09 07:25:26', '2020-03-09 07:25:26'),
(709, 45, 'up', '2020-03-09 07:25:26', '2020-03-09 07:25:26'),
(710, 46, 'up', '2020-03-09 07:25:26', '2020-03-09 07:25:26'),
(711, 47, 'up', '2020-03-09 07:25:26', '2020-03-09 07:25:26'),
(712, 48, 'up', '2020-03-09 07:25:26', '2020-03-09 07:25:26'),
(713, 49, 'up', '2020-03-09 07:25:26', '2020-03-09 07:25:26'),
(714, 50, 'up', '2020-03-09 07:25:26', '2020-03-09 07:25:26'),
(715, 51, 'up', '2020-03-09 07:25:26', '2020-03-09 07:25:26'),
(716, 52, 'up', '2020-03-09 07:25:26', '2020-03-09 07:25:26'),
(717, 53, 'up', '2020-03-09 07:25:26', '2020-03-09 07:25:26'),
(718, 54, 'up', '2020-03-09 07:25:26', '2020-03-09 07:25:26'),
(719, 55, 'up', '2020-03-09 07:25:26', '2020-03-09 07:25:26'),
(720, 56, 'up', '2020-03-09 07:25:26', '2020-03-09 07:25:26'),
(721, 57, 'up', '2020-03-09 07:25:26', '2020-03-09 07:25:26'),
(722, 58, 'up', '2020-03-09 07:25:26', '2020-03-09 07:25:26'),
(723, 59, 'up', '2020-03-09 07:25:26', '2020-03-09 07:25:26'),
(724, 60, 'up', '2020-03-09 07:25:26', '2020-03-09 07:25:26'),
(725, 61, 'up', '2020-03-09 07:25:26', '2020-03-09 07:25:26'),
(726, 62, 'up', '2020-03-09 07:25:26', '2020-03-09 07:25:26'),
(727, 63, 'up', '2020-03-09 07:25:26', '2020-03-09 07:25:26'),
(728, 64, 'up', '2020-03-09 07:25:27', '2020-03-09 07:25:27'),
(729, 65, 'up', '2020-03-09 07:25:27', '2020-03-09 07:25:27'),
(730, 66, 'up', '2020-03-09 07:25:27', '2020-03-09 07:25:27'),
(731, 67, 'up', '2020-03-09 07:25:27', '2020-03-09 07:25:27'),
(732, 68, 'up', '2020-03-09 07:25:27', '2020-03-09 07:25:27'),
(733, 69, 'up', '2020-03-09 07:25:27', '2020-03-09 07:25:27'),
(734, 70, 'up', '2020-03-09 07:25:27', '2020-03-09 07:25:27'),
(735, 71, 'up', '2020-03-09 07:25:27', '2020-03-09 07:25:27'),
(736, 72, 'up', '2020-03-09 07:25:27', '2020-03-09 07:25:27'),
(737, 73, 'up', '2020-03-09 07:25:27', '2020-03-09 07:25:27'),
(738, 74, 'up', '2020-03-09 07:25:27', '2020-03-09 07:25:27'),
(739, 75, 'up', '2020-03-09 07:25:27', '2020-03-09 07:25:27'),
(740, 76, 'up', '2020-03-09 07:25:27', '2020-03-09 07:25:27'),
(741, 77, 'up', '2020-03-09 07:25:27', '2020-03-09 07:25:27'),
(742, 78, 'up', '2020-03-09 07:25:27', '2020-03-09 07:25:27'),
(743, 79, 'up', '2020-03-09 07:25:27', '2020-03-09 07:25:27'),
(744, 80, 'up', '2020-03-09 07:25:27', '2020-03-09 07:25:27'),
(745, 81, 'up', '2020-03-09 07:25:27', '2020-03-09 07:25:27'),
(746, 82, 'up', '2020-03-09 07:25:27', '2020-03-09 07:25:27'),
(747, 83, 'up', '2020-03-09 07:25:27', '2020-03-09 07:25:27'),
(748, 84, 'up', '2020-03-09 07:25:27', '2020-03-09 07:25:27'),
(749, 85, 'up', '2020-03-09 07:25:27', '2020-03-09 07:25:27'),
(750, 86, 'up', '2020-03-09 07:25:28', '2020-03-09 07:25:28'),
(751, 87, 'up', '2020-03-09 07:25:28', '2020-03-09 07:25:28'),
(752, 88, 'up', '2020-03-09 07:25:28', '2020-03-09 07:25:28'),
(753, 89, 'up', '2020-03-09 07:25:28', '2020-03-09 07:25:28'),
(754, 90, 'up', '2020-03-09 07:25:28', '2020-03-09 07:25:28'),
(755, 91, 'up', '2020-03-09 07:25:28', '2020-03-09 07:25:28'),
(756, 92, 'up', '2020-03-09 07:25:28', '2020-03-09 07:25:28'),
(757, 93, 'up', '2020-03-09 07:25:28', '2020-03-09 07:25:28'),
(758, 94, 'up', '2020-03-09 07:25:28', '2020-03-09 07:25:28'),
(759, 95, 'up', '2020-03-09 07:25:28', '2020-03-09 07:25:28'),
(760, 96, 'up', '2020-03-09 07:25:28', '2020-03-09 07:25:28'),
(761, 97, 'up', '2020-03-09 07:25:28', '2020-03-09 07:25:28'),
(762, 98, 'up', '2020-03-09 07:25:28', '2020-03-09 07:25:28'),
(763, 99, 'up', '2020-03-09 07:25:28', '2020-03-09 07:25:28'),
(764, 100, 'up', '2020-03-09 07:25:28', '2020-03-09 07:25:28'),
(765, 101, 'up', '2020-03-09 07:25:28', '2020-03-09 07:25:28'),
(766, 102, 'up', '2020-03-09 07:25:28', '2020-03-09 07:25:28'),
(767, 103, 'up', '2020-03-09 07:25:28', '2020-03-09 07:25:28'),
(768, 104, 'up', '2020-03-09 07:25:28', '2020-03-09 07:25:28'),
(769, 105, 'up', '2020-03-09 07:25:28', '2020-03-09 07:25:28'),
(770, 106, 'up', '2020-03-09 07:25:28', '2020-03-09 07:25:28'),
(771, 107, 'up', '2020-03-09 07:25:28', '2020-03-09 07:25:28'),
(772, 108, 'down', '2020-03-09 07:25:28', '2020-03-09 07:25:28'),
(773, 109, 'up', '2020-03-09 07:25:28', '2020-03-09 07:25:28'),
(774, 110, 'up', '2020-03-09 07:25:29', '2020-03-09 07:25:29'),
(775, 111, 'up', '2020-03-09 07:25:29', '2020-03-09 07:25:29'),
(776, 112, 'up', '2020-03-09 07:25:29', '2020-03-09 07:25:29'),
(777, 113, 'up', '2020-03-09 07:25:29', '2020-03-09 07:25:29'),
(778, 114, 'up', '2020-03-09 07:25:29', '2020-03-09 07:25:29'),
(779, 115, 'up', '2020-03-09 07:25:29', '2020-03-09 07:25:29'),
(780, 116, 'up', '2020-03-09 07:25:29', '2020-03-09 07:25:29'),
(781, 117, 'up', '2020-03-09 07:25:29', '2020-03-09 07:25:29'),
(782, 118, 'up', '2020-03-09 07:25:29', '2020-03-09 07:25:29'),
(783, 119, 'up', '2020-03-09 07:25:29', '2020-03-09 07:25:29'),
(784, 120, 'up', '2020-03-09 07:25:29', '2020-03-09 07:25:29'),
(785, 121, 'up', '2020-03-09 07:25:29', '2020-03-09 07:25:29'),
(786, 122, 'up', '2020-03-09 07:25:29', '2020-03-09 07:25:29'),
(787, 123, 'up', '2020-03-09 07:25:29', '2020-03-09 07:25:29'),
(788, 124, 'up', '2020-03-09 07:25:29', '2020-03-09 07:25:29'),
(789, 125, 'up', '2020-03-09 07:25:29', '2020-03-09 07:25:29'),
(790, 126, 'up', '2020-03-09 07:25:29', '2020-03-09 07:25:29'),
(791, 127, 'up', '2020-03-09 07:25:29', '2020-03-09 07:25:29'),
(792, 128, 'up', '2020-03-09 07:25:29', '2020-03-09 07:25:29'),
(793, 129, 'up', '2020-03-09 07:25:29', '2020-03-09 07:25:29'),
(794, 130, 'up', '2020-03-09 07:25:29', '2020-03-09 07:25:29'),
(795, 131, 'up', '2020-03-09 07:25:29', '2020-03-09 07:25:29'),
(796, 132, 'up', '2020-03-09 07:25:30', '2020-03-09 07:25:30'),
(797, 133, 'up', '2020-03-09 07:25:30', '2020-03-09 07:25:30'),
(798, 134, 'up', '2020-03-09 07:25:30', '2020-03-09 07:25:30'),
(799, 135, 'up', '2020-03-09 07:25:30', '2020-03-09 07:25:30'),
(800, 136, 'up', '2020-03-09 07:25:30', '2020-03-09 07:25:30'),
(801, 137, 'up', '2020-03-09 07:25:30', '2020-03-09 07:25:30'),
(802, 138, 'up', '2020-03-09 07:25:30', '2020-03-09 07:25:30'),
(803, 139, 'up', '2020-03-09 07:25:30', '2020-03-09 07:25:30'),
(804, 140, 'up', '2020-03-09 07:25:30', '2020-03-09 07:25:30'),
(805, 141, 'down', '2020-03-09 07:25:30', '2020-03-09 07:25:30'),
(806, 142, 'down', '2020-03-09 07:25:30', '2020-03-09 07:25:30'),
(807, 143, 'up', '2020-03-09 07:25:30', '2020-03-09 07:25:30'),
(808, 144, 'up', '2020-03-09 07:25:31', '2020-03-09 07:25:31'),
(809, 145, 'up', '2020-03-09 07:25:31', '2020-03-09 07:25:31'),
(810, 146, 'up', '2020-03-09 07:25:31', '2020-03-09 07:25:31'),
(811, 147, 'up', '2020-03-09 07:25:31', '2020-03-09 07:25:31'),
(812, 148, 'up', '2020-03-09 07:25:31', '2020-03-09 07:25:31'),
(813, 149, 'down', '2020-03-09 07:25:31', '2020-03-09 07:25:31'),
(814, 150, 'up', '2020-03-09 07:25:31', '2020-03-09 07:25:31'),
(815, 151, 'up', '2020-03-09 07:25:31', '2020-03-09 07:25:31'),
(816, 152, 'up', '2020-03-09 07:25:31', '2020-03-09 07:25:31'),
(817, 153, 'up', '2020-03-09 07:25:31', '2020-03-09 07:25:31'),
(818, 154, 'up', '2020-03-09 07:25:31', '2020-03-09 07:25:31'),
(819, 155, 'up', '2020-03-09 07:25:31', '2020-03-09 07:25:31'),
(820, 156, 'up', '2020-03-09 07:25:31', '2020-03-09 07:25:31'),
(821, 157, 'up', '2020-03-09 07:25:31', '2020-03-09 07:25:31'),
(822, 158, 'up', '2020-03-09 07:25:31', '2020-03-09 07:25:31'),
(823, 159, 'up', '2020-03-09 07:25:31', '2020-03-09 07:25:31'),
(824, 160, 'up', '2020-03-09 07:25:31', '2020-03-09 07:25:31'),
(825, 161, 'up', '2020-03-09 07:25:31', '2020-03-09 07:25:31'),
(826, 162, 'down', '2020-03-09 07:25:31', '2020-03-09 07:25:31'),
(827, 163, 'up', '2020-03-09 07:25:31', '2020-03-09 07:25:31'),
(828, 164, 'up', '2020-03-09 07:25:32', '2020-03-09 07:25:32'),
(829, 165, 'up', '2020-03-09 07:25:32', '2020-03-09 07:25:32'),
(830, 166, 'down', '2020-03-09 07:25:32', '2020-03-09 07:25:32'),
(831, 167, 'up', '2020-03-09 07:25:32', '2020-03-09 07:25:32'),
(832, 168, 'up', '2020-03-09 07:25:32', '2020-03-09 07:25:32'),
(833, 169, 'up', '2020-03-09 07:25:32', '2020-03-09 07:25:32'),
(834, 170, 'up', '2020-03-09 07:25:32', '2020-03-09 07:25:32'),
(835, 171, 'up', '2020-03-09 07:25:32', '2020-03-09 07:25:32'),
(836, 172, 'up', '2020-03-09 07:25:32', '2020-03-09 07:25:32'),
(837, 173, 'down', '2020-03-09 07:25:32', '2020-03-09 07:25:32'),
(838, 174, 'up', '2020-03-09 07:25:33', '2020-03-09 07:25:33'),
(839, 175, 'up', '2020-03-09 07:25:33', '2020-03-09 07:25:33'),
(840, 176, 'up', '2020-03-09 07:25:33', '2020-03-09 07:25:33'),
(841, 177, 'up', '2020-03-09 07:25:33', '2020-03-09 07:25:33'),
(842, 178, 'up', '2020-03-09 07:25:33', '2020-03-09 07:25:33'),
(843, 188, 'down', '2020-03-09 07:25:33', '2020-03-09 07:25:33'),
(844, 189, 'up', '2020-03-09 07:25:33', '2020-03-09 07:25:33'),
(845, 190, 'up', '2020-03-09 07:25:33', '2020-03-09 07:25:33'),
(846, 191, 'up', '2020-03-09 07:25:33', '2020-03-09 07:25:33'),
(847, 192, 'up', '2020-03-09 07:25:33', '2020-03-09 07:25:33'),
(848, 193, 'up', '2020-03-09 07:25:33', '2020-03-09 07:25:33'),
(849, 194, 'up', '2020-03-09 07:25:33', '2020-03-09 07:25:33'),
(850, 195, 'down', '2020-03-09 07:25:33', '2020-03-09 07:25:33'),
(851, 196, 'down', '2020-03-09 07:25:34', '2020-03-09 07:25:34'),
(852, 197, 'up', '2020-03-09 07:25:34', '2020-03-09 07:25:34'),
(853, 198, 'up', '2020-03-09 07:25:34', '2020-03-09 07:25:34'),
(854, 199, 'up', '2020-03-09 07:25:34', '2020-03-09 07:25:34'),
(855, 200, 'up', '2020-03-09 07:25:34', '2020-03-09 07:25:34'),
(856, 201, 'up', '2020-03-09 07:25:34', '2020-03-09 07:25:34'),
(857, 202, 'down', '2020-03-09 07:25:34', '2020-03-09 07:25:34'),
(858, 203, 'up', '2020-03-09 07:25:34', '2020-03-09 07:25:34'),
(859, 204, 'down', '2020-03-09 07:25:35', '2020-03-09 07:25:35'),
(860, 205, 'up', '2020-03-09 07:25:35', '2020-03-09 07:25:35'),
(861, 206, 'up', '2020-03-09 07:25:35', '2020-03-09 07:25:35'),
(862, 207, 'up', '2020-03-09 07:25:35', '2020-03-09 07:25:35'),
(863, 208, 'up', '2020-03-09 07:25:35', '2020-03-09 07:25:35'),
(864, 209, 'up', '2020-03-09 07:25:35', '2020-03-09 07:25:35'),
(865, 210, 'up', '2020-03-09 07:25:35', '2020-03-09 07:25:35'),
(866, 211, 'up', '2020-03-09 07:25:35', '2020-03-09 07:25:35'),
(867, 219, 'down', '2020-03-09 07:25:35', '2020-03-09 07:25:35'),
(868, 220, 'up', '2020-03-09 07:25:35', '2020-03-09 07:25:35'),
(869, 221, 'up', '2020-03-09 07:25:36', '2020-03-09 07:25:36'),
(870, 222, 'up', '2020-03-09 07:25:36', '2020-03-09 07:25:36'),
(871, 223, 'up', '2020-03-09 07:25:36', '2020-03-09 07:25:36'),
(872, 224, 'up', '2020-03-09 07:25:36', '2020-03-09 07:25:36'),
(873, 225, 'down', '2020-03-09 07:25:36', '2020-03-09 07:25:36'),
(874, 226, 'up', '2020-03-09 07:25:36', '2020-03-09 07:25:36'),
(875, 227, 'up', '2020-03-09 07:25:36', '2020-03-09 07:25:36'),
(876, 228, 'up', '2020-03-09 07:25:36', '2020-03-09 07:25:36'),
(877, 229, 'up', '2020-03-09 07:25:36', '2020-03-09 07:25:36'),
(878, 230, 'up', '2020-03-09 07:25:36', '2020-03-09 07:25:36'),
(879, 231, 'down', '2020-03-09 07:25:37', '2020-03-09 07:25:37'),
(880, 232, 'up', '2020-03-09 07:25:37', '2020-03-09 07:25:37'),
(881, 233, 'up', '2020-03-09 07:25:37', '2020-03-09 07:25:37'),
(882, 234, 'up', '2020-03-09 07:25:37', '2020-03-09 07:25:37'),
(883, 235, 'up', '2020-03-09 07:25:37', '2020-03-09 07:25:37'),
(884, 236, 'up', '2020-03-09 07:25:37', '2020-03-09 07:25:37'),
(885, 237, 'up', '2020-03-09 07:25:37', '2020-03-09 07:25:37'),
(886, 1, 'down', '2020-03-09 08:46:50', '2020-03-09 08:46:50'),
(887, 2, 'down', '2020-03-09 08:46:50', '2020-03-09 08:46:50'),
(888, 3, 'up', '2020-03-09 08:46:50', '2020-03-09 08:46:50'),
(889, 4, 'up', '2020-03-09 08:46:50', '2020-03-09 08:46:50'),
(890, 5, 'up', '2020-03-09 08:46:50', '2020-03-09 08:46:50'),
(891, 6, 'up', '2020-03-09 08:46:50', '2020-03-09 08:46:50'),
(892, 7, 'up', '2020-03-09 08:46:51', '2020-03-09 08:46:51'),
(893, 8, 'up', '2020-03-09 08:46:51', '2020-03-09 08:46:51'),
(894, 9, 'up', '2020-03-09 08:46:51', '2020-03-09 08:46:51'),
(895, 10, 'up', '2020-03-09 08:46:51', '2020-03-09 08:46:51'),
(896, 11, 'up', '2020-03-09 08:46:51', '2020-03-09 08:46:51'),
(897, 12, 'up', '2020-03-09 08:46:51', '2020-03-09 08:46:51'),
(898, 13, 'up', '2020-03-09 08:46:51', '2020-03-09 08:46:51'),
(899, 14, 'up', '2020-03-09 08:46:51', '2020-03-09 08:46:51'),
(900, 15, 'up', '2020-03-09 08:46:51', '2020-03-09 08:46:51'),
(901, 16, 'up', '2020-03-09 08:46:51', '2020-03-09 08:46:51'),
(902, 17, 'down', '2020-03-09 08:46:51', '2020-03-09 08:46:51'),
(903, 18, 'up', '2020-03-09 08:46:51', '2020-03-09 08:46:51'),
(904, 19, 'up', '2020-03-09 08:46:51', '2020-03-09 08:46:51'),
(905, 20, 'up', '2020-03-09 08:46:51', '2020-03-09 08:46:51'),
(906, 21, 'up', '2020-03-09 08:46:51', '2020-03-09 08:46:51'),
(907, 22, 'up', '2020-03-09 08:46:51', '2020-03-09 08:46:51'),
(908, 23, 'up', '2020-03-09 08:46:51', '2020-03-09 08:46:51'),
(909, 24, 'up', '2020-03-09 08:46:51', '2020-03-09 08:46:51'),
(910, 25, 'up', '2020-03-09 08:46:51', '2020-03-09 08:46:51'),
(911, 26, 'up', '2020-03-09 08:46:51', '2020-03-09 08:46:51'),
(912, 27, 'up', '2020-03-09 08:46:51', '2020-03-09 08:46:51'),
(913, 28, 'up', '2020-03-09 08:46:51', '2020-03-09 08:46:51'),
(914, 29, 'up', '2020-03-09 08:46:51', '2020-03-09 08:46:51'),
(915, 30, 'up', '2020-03-09 08:46:52', '2020-03-09 08:46:52'),
(916, 31, 'up', '2020-03-09 08:46:52', '2020-03-09 08:46:52'),
(917, 32, 'up', '2020-03-09 08:46:52', '2020-03-09 08:46:52'),
(918, 33, 'up', '2020-03-09 08:46:52', '2020-03-09 08:46:52'),
(919, 34, 'up', '2020-03-09 08:46:52', '2020-03-09 08:46:52'),
(920, 35, 'up', '2020-03-09 08:46:52', '2020-03-09 08:46:52'),
(921, 36, 'up', '2020-03-09 08:46:52', '2020-03-09 08:46:52'),
(922, 37, 'up', '2020-03-09 08:46:52', '2020-03-09 08:46:52'),
(923, 38, 'up', '2020-03-09 08:46:52', '2020-03-09 08:46:52'),
(924, 39, 'up', '2020-03-09 08:46:52', '2020-03-09 08:46:52'),
(925, 40, 'up', '2020-03-09 08:46:52', '2020-03-09 08:46:52'),
(926, 41, 'up', '2020-03-09 08:46:52', '2020-03-09 08:46:52'),
(927, 42, 'up', '2020-03-09 08:46:52', '2020-03-09 08:46:52'),
(928, 43, 'up', '2020-03-09 08:46:52', '2020-03-09 08:46:52'),
(929, 44, 'up', '2020-03-09 08:46:52', '2020-03-09 08:46:52'),
(930, 45, 'up', '2020-03-09 08:46:52', '2020-03-09 08:46:52'),
(931, 46, 'up', '2020-03-09 08:46:52', '2020-03-09 08:46:52'),
(932, 47, 'up', '2020-03-09 08:46:52', '2020-03-09 08:46:52'),
(933, 48, 'up', '2020-03-09 08:46:52', '2020-03-09 08:46:52'),
(934, 49, 'up', '2020-03-09 08:46:52', '2020-03-09 08:46:52'),
(935, 50, 'up', '2020-03-09 08:46:52', '2020-03-09 08:46:52'),
(936, 51, 'up', '2020-03-09 08:46:53', '2020-03-09 08:46:53'),
(937, 52, 'up', '2020-03-09 08:46:53', '2020-03-09 08:46:53'),
(938, 53, 'up', '2020-03-09 08:46:53', '2020-03-09 08:46:53'),
(939, 54, 'up', '2020-03-09 08:46:53', '2020-03-09 08:46:53'),
(940, 55, 'up', '2020-03-09 08:46:53', '2020-03-09 08:46:53'),
(941, 56, 'up', '2020-03-09 08:46:53', '2020-03-09 08:46:53'),
(942, 57, 'up', '2020-03-09 08:46:53', '2020-03-09 08:46:53'),
(943, 58, 'up', '2020-03-09 08:46:53', '2020-03-09 08:46:53'),
(944, 59, 'up', '2020-03-09 08:46:53', '2020-03-09 08:46:53'),
(945, 60, 'down', '2020-03-09 08:46:53', '2020-03-09 08:46:53'),
(946, 61, 'up', '2020-03-09 08:46:53', '2020-03-09 08:46:53'),
(947, 62, 'up', '2020-03-09 08:46:53', '2020-03-09 08:46:53'),
(948, 63, 'up', '2020-03-09 08:46:53', '2020-03-09 08:46:53'),
(949, 64, 'up', '2020-03-09 08:46:53', '2020-03-09 08:46:53'),
(950, 65, 'up', '2020-03-09 08:46:53', '2020-03-09 08:46:53'),
(951, 66, 'up', '2020-03-09 08:46:53', '2020-03-09 08:46:53'),
(952, 67, 'up', '2020-03-09 08:46:53', '2020-03-09 08:46:53'),
(953, 68, 'up', '2020-03-09 08:46:53', '2020-03-09 08:46:53'),
(954, 69, 'up', '2020-03-09 08:46:53', '2020-03-09 08:46:53'),
(955, 70, 'down', '2020-03-09 08:46:53', '2020-03-09 08:46:53'),
(956, 71, 'up', '2020-03-09 08:46:53', '2020-03-09 08:46:53'),
(957, 72, 'up', '2020-03-09 08:46:54', '2020-03-09 08:46:54'),
(958, 73, 'up', '2020-03-09 08:46:54', '2020-03-09 08:46:54'),
(959, 74, 'up', '2020-03-09 08:46:54', '2020-03-09 08:46:54'),
(960, 75, 'up', '2020-03-09 08:46:54', '2020-03-09 08:46:54'),
(961, 76, 'up', '2020-03-09 08:46:54', '2020-03-09 08:46:54'),
(962, 77, 'up', '2020-03-09 08:46:54', '2020-03-09 08:46:54'),
(963, 78, 'up', '2020-03-09 08:46:54', '2020-03-09 08:46:54'),
(964, 79, 'up', '2020-03-09 08:46:54', '2020-03-09 08:46:54'),
(965, 80, 'up', '2020-03-09 08:46:54', '2020-03-09 08:46:54'),
(966, 81, 'down', '2020-03-09 08:46:54', '2020-03-09 08:46:54'),
(967, 82, 'up', '2020-03-09 08:46:54', '2020-03-09 08:46:54'),
(968, 83, 'up', '2020-03-09 08:46:54', '2020-03-09 08:46:54'),
(969, 84, 'up', '2020-03-09 08:46:54', '2020-03-09 08:46:54'),
(970, 85, 'up', '2020-03-09 08:46:54', '2020-03-09 08:46:54'),
(971, 86, 'up', '2020-03-09 08:46:54', '2020-03-09 08:46:54'),
(972, 87, 'up', '2020-03-09 08:46:54', '2020-03-09 08:46:54'),
(973, 88, 'up', '2020-03-09 08:46:54', '2020-03-09 08:46:54'),
(974, 89, 'up', '2020-03-09 08:46:54', '2020-03-09 08:46:54'),
(975, 90, 'up', '2020-03-09 08:46:54', '2020-03-09 08:46:54'),
(976, 91, 'up', '2020-03-09 08:46:54', '2020-03-09 08:46:54'),
(977, 92, 'up', '2020-03-09 08:46:54', '2020-03-09 08:46:54'),
(978, 93, 'up', '2020-03-09 08:46:54', '2020-03-09 08:46:54'),
(979, 94, 'down', '2020-03-09 08:46:54', '2020-03-09 08:46:54'),
(980, 95, 'up', '2020-03-09 08:46:54', '2020-03-09 08:46:54'),
(981, 96, 'up', '2020-03-09 08:46:55', '2020-03-09 08:46:55'),
(982, 97, 'up', '2020-03-09 08:46:55', '2020-03-09 08:46:55'),
(983, 98, 'up', '2020-03-09 08:46:55', '2020-03-09 08:46:55'),
(984, 99, 'up', '2020-03-09 08:46:55', '2020-03-09 08:46:55'),
(985, 100, 'up', '2020-03-09 08:46:55', '2020-03-09 08:46:55'),
(986, 101, 'up', '2020-03-09 08:46:55', '2020-03-09 08:46:55'),
(987, 102, 'up', '2020-03-09 08:46:55', '2020-03-09 08:46:55'),
(988, 103, 'up', '2020-03-09 08:46:55', '2020-03-09 08:46:55'),
(989, 104, 'up', '2020-03-09 08:46:55', '2020-03-09 08:46:55'),
(990, 105, 'up', '2020-03-09 08:46:55', '2020-03-09 08:46:55'),
(991, 106, 'up', '2020-03-09 08:46:55', '2020-03-09 08:46:55'),
(992, 107, 'down', '2020-03-09 08:46:55', '2020-03-09 08:46:55'),
(993, 108, 'up', '2020-03-09 08:46:55', '2020-03-09 08:46:55'),
(994, 109, 'up', '2020-03-09 08:46:55', '2020-03-09 08:46:55'),
(995, 110, 'up', '2020-03-09 08:46:55', '2020-03-09 08:46:55'),
(996, 111, 'up', '2020-03-09 08:46:55', '2020-03-09 08:46:55'),
(997, 112, 'up', '2020-03-09 08:46:55', '2020-03-09 08:46:55'),
(998, 113, 'up', '2020-03-09 08:46:55', '2020-03-09 08:46:55'),
(999, 114, 'up', '2020-03-09 08:46:55', '2020-03-09 08:46:55'),
(1000, 115, 'up', '2020-03-09 08:46:55', '2020-03-09 08:46:55'),
(1001, 116, 'up', '2020-03-09 08:46:55', '2020-03-09 08:46:55'),
(1002, 117, 'up', '2020-03-09 08:46:55', '2020-03-09 08:46:55'),
(1003, 118, 'up', '2020-03-09 08:46:55', '2020-03-09 08:46:55'),
(1004, 119, 'up', '2020-03-09 08:46:55', '2020-03-09 08:46:55'),
(1005, 120, 'up', '2020-03-09 08:46:56', '2020-03-09 08:46:56'),
(1006, 121, 'up', '2020-03-09 08:46:56', '2020-03-09 08:46:56'),
(1007, 122, 'up', '2020-03-09 08:46:56', '2020-03-09 08:46:56'),
(1008, 123, 'up', '2020-03-09 08:46:56', '2020-03-09 08:46:56'),
(1009, 124, 'up', '2020-03-09 08:46:56', '2020-03-09 08:46:56'),
(1010, 125, 'up', '2020-03-09 08:46:56', '2020-03-09 08:46:56'),
(1011, 126, 'up', '2020-03-09 08:46:56', '2020-03-09 08:46:56'),
(1012, 127, 'up', '2020-03-09 08:46:56', '2020-03-09 08:46:56'),
(1013, 128, 'up', '2020-03-09 08:46:56', '2020-03-09 08:46:56'),
(1014, 129, 'down', '2020-03-09 08:46:56', '2020-03-09 08:46:56'),
(1015, 130, 'up', '2020-03-09 08:46:56', '2020-03-09 08:46:56'),
(1016, 131, 'up', '2020-03-09 08:46:56', '2020-03-09 08:46:56'),
(1017, 132, 'up', '2020-03-09 08:46:56', '2020-03-09 08:46:56'),
(1018, 133, 'up', '2020-03-09 08:46:56', '2020-03-09 08:46:56'),
(1019, 134, 'up', '2020-03-09 08:46:56', '2020-03-09 08:46:56'),
(1020, 135, 'up', '2020-03-09 08:46:56', '2020-03-09 08:46:56'),
(1021, 136, 'up', '2020-03-09 08:46:56', '2020-03-09 08:46:56'),
(1022, 137, 'up', '2020-03-09 08:46:56', '2020-03-09 08:46:56'),
(1023, 138, 'up', '2020-03-09 08:46:56', '2020-03-09 08:46:56'),
(1024, 139, 'up', '2020-03-09 08:46:56', '2020-03-09 08:46:56'),
(1025, 140, 'up', '2020-03-09 08:46:56', '2020-03-09 08:46:56'),
(1026, 141, 'up', '2020-03-09 08:46:56', '2020-03-09 08:46:56'),
(1027, 142, 'down', '2020-03-09 08:46:56', '2020-03-09 08:46:56'),
(1028, 143, 'up', '2020-03-09 08:46:57', '2020-03-09 08:46:57'),
(1029, 144, 'up', '2020-03-09 08:46:57', '2020-03-09 08:46:57'),
(1030, 145, 'up', '2020-03-09 08:46:57', '2020-03-09 08:46:57'),
(1031, 146, 'up', '2020-03-09 08:46:57', '2020-03-09 08:46:57'),
(1032, 147, 'up', '2020-03-09 08:46:57', '2020-03-09 08:46:57'),
(1033, 148, 'down', '2020-03-09 08:46:57', '2020-03-09 08:46:57'),
(1034, 149, 'down', '2020-03-09 08:46:57', '2020-03-09 08:46:57'),
(1035, 150, 'up', '2020-03-09 08:46:57', '2020-03-09 08:46:57'),
(1036, 151, 'up', '2020-03-09 08:46:57', '2020-03-09 08:46:57'),
(1037, 152, 'up', '2020-03-09 08:46:57', '2020-03-09 08:46:57'),
(1038, 153, 'up', '2020-03-09 08:46:57', '2020-03-09 08:46:57'),
(1039, 154, 'up', '2020-03-09 08:46:57', '2020-03-09 08:46:57'),
(1040, 155, 'up', '2020-03-09 08:46:57', '2020-03-09 08:46:57'),
(1041, 156, 'up', '2020-03-09 08:46:57', '2020-03-09 08:46:57'),
(1042, 157, 'up', '2020-03-09 08:46:57', '2020-03-09 08:46:57'),
(1043, 158, 'up', '2020-03-09 08:46:57', '2020-03-09 08:46:57'),
(1044, 159, 'up', '2020-03-09 08:46:57', '2020-03-09 08:46:57'),
(1045, 160, 'up', '2020-03-09 08:46:58', '2020-03-09 08:46:58'),
(1046, 161, 'up', '2020-03-09 08:46:58', '2020-03-09 08:46:58'),
(1047, 162, 'up', '2020-03-09 08:46:58', '2020-03-09 08:46:58'),
(1048, 163, 'up', '2020-03-09 08:46:58', '2020-03-09 08:46:58'),
(1049, 164, 'up', '2020-03-09 08:46:58', '2020-03-09 08:46:58'),
(1050, 165, 'up', '2020-03-09 08:46:58', '2020-03-09 08:46:58'),
(1051, 166, 'down', '2020-03-09 08:46:58', '2020-03-09 08:46:58'),
(1052, 167, 'up', '2020-03-09 08:46:58', '2020-03-09 08:46:58'),
(1053, 168, 'up', '2020-03-09 08:46:58', '2020-03-09 08:46:58'),
(1054, 169, 'up', '2020-03-09 08:46:58', '2020-03-09 08:46:58'),
(1055, 170, 'up', '2020-03-09 08:46:58', '2020-03-09 08:46:58'),
(1056, 171, 'up', '2020-03-09 08:46:58', '2020-03-09 08:46:58'),
(1057, 172, 'up', '2020-03-09 08:46:58', '2020-03-09 08:46:58'),
(1058, 173, 'up', '2020-03-09 08:46:58', '2020-03-09 08:46:58'),
(1059, 174, 'up', '2020-03-09 08:46:58', '2020-03-09 08:46:58'),
(1060, 175, 'up', '2020-03-09 08:46:58', '2020-03-09 08:46:58'),
(1061, 176, 'up', '2020-03-09 08:46:58', '2020-03-09 08:46:58'),
(1062, 177, 'down', '2020-03-09 08:46:58', '2020-03-09 08:46:58'),
(1063, 178, 'up', '2020-03-09 08:46:58', '2020-03-09 08:46:58'),
(1064, 188, 'up', '2020-03-09 08:46:59', '2020-03-09 08:46:59'),
(1065, 189, 'up', '2020-03-09 08:46:59', '2020-03-09 08:46:59'),
(1066, 190, 'up', '2020-03-09 08:46:59', '2020-03-09 08:46:59'),
(1067, 191, 'up', '2020-03-09 08:46:59', '2020-03-09 08:46:59'),
(1068, 192, 'up', '2020-03-09 08:46:59', '2020-03-09 08:46:59'),
(1069, 193, 'up', '2020-03-09 08:46:59', '2020-03-09 08:46:59'),
(1070, 194, 'up', '2020-03-09 08:46:59', '2020-03-09 08:46:59'),
(1071, 195, 'up', '2020-03-09 08:46:59', '2020-03-09 08:46:59'),
(1072, 196, 'down', '2020-03-09 08:46:59', '2020-03-09 08:46:59'),
(1073, 197, 'up', '2020-03-09 08:46:59', '2020-03-09 08:46:59'),
(1074, 198, 'up', '2020-03-09 08:46:59', '2020-03-09 08:46:59'),
(1075, 199, 'up', '2020-03-09 08:46:59', '2020-03-09 08:46:59'),
(1076, 200, 'up', '2020-03-09 08:46:59', '2020-03-09 08:46:59'),
(1077, 201, 'up', '2020-03-09 08:46:59', '2020-03-09 08:46:59'),
(1078, 202, 'up', '2020-03-09 08:46:59', '2020-03-09 08:46:59'),
(1079, 203, 'up', '2020-03-09 08:46:59', '2020-03-09 08:46:59'),
(1080, 204, 'down', '2020-03-09 08:46:59', '2020-03-09 08:46:59'),
(1081, 205, 'up', '2020-03-09 08:46:59', '2020-03-09 08:46:59'),
(1082, 206, 'up', '2020-03-09 08:47:00', '2020-03-09 08:47:00'),
(1083, 207, 'up', '2020-03-09 08:47:00', '2020-03-09 08:47:00'),
(1084, 208, 'up', '2020-03-09 08:47:00', '2020-03-09 08:47:00'),
(1085, 209, 'up', '2020-03-09 08:47:00', '2020-03-09 08:47:00'),
(1086, 210, 'down', '2020-03-09 08:47:00', '2020-03-09 08:47:00'),
(1087, 211, 'up', '2020-03-09 08:47:00', '2020-03-09 08:47:00'),
(1088, 219, 'up', '2020-03-09 08:47:00', '2020-03-09 08:47:00'),
(1089, 220, 'up', '2020-03-09 08:47:00', '2020-03-09 08:47:00'),
(1090, 221, 'up', '2020-03-09 08:47:00', '2020-03-09 08:47:00'),
(1091, 222, 'up', '2020-03-09 08:47:00', '2020-03-09 08:47:00'),
(1092, 223, 'up', '2020-03-09 08:47:00', '2020-03-09 08:47:00'),
(1093, 224, 'up', '2020-03-09 08:47:00', '2020-03-09 08:47:00'),
(1094, 225, 'up', '2020-03-09 08:47:00', '2020-03-09 08:47:00'),
(1095, 226, 'up', '2020-03-09 08:47:00', '2020-03-09 08:47:00'),
(1096, 227, 'up', '2020-03-09 08:47:00', '2020-03-09 08:47:00'),
(1097, 228, 'down', '2020-03-09 08:47:00', '2020-03-09 08:47:00'),
(1098, 229, 'up', '2020-03-09 08:47:00', '2020-03-09 08:47:00'),
(1099, 230, 'up', '2020-03-09 08:47:01', '2020-03-09 08:47:01'),
(1100, 231, 'down', '2020-03-09 08:47:01', '2020-03-09 08:47:01'),
(1101, 232, 'up', '2020-03-09 08:47:01', '2020-03-09 08:47:01'),
(1102, 233, 'up', '2020-03-09 08:47:01', '2020-03-09 08:47:01'),
(1103, 234, 'up', '2020-03-09 08:47:01', '2020-03-09 08:47:01'),
(1104, 235, 'up', '2020-03-09 08:47:01', '2020-03-09 08:47:01'),
(1105, 236, 'up', '2020-03-09 08:47:01', '2020-03-09 08:47:01'),
(1106, 237, 'up', '2020-03-09 08:47:01', '2020-03-09 08:47:01'),
(1107, 1, 'down', '2020-03-09 09:44:30', '2020-03-09 09:44:30'),
(1108, 2, 'down', '2020-03-09 09:44:30', '2020-03-09 09:44:30'),
(1109, 3, 'up', '2020-03-09 09:44:30', '2020-03-09 09:44:30'),
(1110, 4, 'down', '2020-03-09 09:44:30', '2020-03-09 09:44:30'),
(1111, 5, 'up', '2020-03-09 09:44:30', '2020-03-09 09:44:30'),
(1112, 6, 'up', '2020-03-09 09:44:30', '2020-03-09 09:44:30'),
(1113, 7, 'up', '2020-03-09 09:44:30', '2020-03-09 09:44:30'),
(1114, 8, 'up', '2020-03-09 09:44:30', '2020-03-09 09:44:30'),
(1115, 9, 'up', '2020-03-09 09:44:30', '2020-03-09 09:44:30'),
(1116, 10, 'up', '2020-03-09 09:44:30', '2020-03-09 09:44:30'),
(1117, 11, 'up', '2020-03-09 09:44:30', '2020-03-09 09:44:30'),
(1118, 12, 'up', '2020-03-09 09:44:30', '2020-03-09 09:44:30'),
(1119, 13, 'up', '2020-03-09 09:44:30', '2020-03-09 09:44:30'),
(1120, 14, 'up', '2020-03-09 09:44:30', '2020-03-09 09:44:30'),
(1121, 15, 'up', '2020-03-09 09:44:30', '2020-03-09 09:44:30'),
(1122, 16, 'down', '2020-03-09 09:44:30', '2020-03-09 09:44:30'),
(1123, 17, 'up', '2020-03-09 09:44:30', '2020-03-09 09:44:30'),
(1124, 18, 'up', '2020-03-09 09:44:31', '2020-03-09 09:44:31'),
(1125, 19, 'up', '2020-03-09 09:44:31', '2020-03-09 09:44:31'),
(1126, 20, 'up', '2020-03-09 09:44:31', '2020-03-09 09:44:31'),
(1127, 21, 'up', '2020-03-09 09:44:31', '2020-03-09 09:44:31'),
(1128, 22, 'up', '2020-03-09 09:44:31', '2020-03-09 09:44:31'),
(1129, 23, 'up', '2020-03-09 09:44:31', '2020-03-09 09:44:31'),
(1130, 24, 'up', '2020-03-09 09:44:31', '2020-03-09 09:44:31'),
(1131, 25, 'up', '2020-03-09 09:44:31', '2020-03-09 09:44:31'),
(1132, 26, 'up', '2020-03-09 09:44:31', '2020-03-09 09:44:31'),
(1133, 27, 'up', '2020-03-09 09:44:31', '2020-03-09 09:44:31'),
(1134, 28, 'up', '2020-03-09 09:44:31', '2020-03-09 09:44:31'),
(1135, 29, 'up', '2020-03-09 09:44:31', '2020-03-09 09:44:31'),
(1136, 30, 'up', '2020-03-09 09:44:31', '2020-03-09 09:44:31'),
(1137, 31, 'up', '2020-03-09 09:44:31', '2020-03-09 09:44:31'),
(1138, 32, 'up', '2020-03-09 09:44:31', '2020-03-09 09:44:31'),
(1139, 33, 'up', '2020-03-09 09:44:31', '2020-03-09 09:44:31'),
(1140, 34, 'up', '2020-03-09 09:44:31', '2020-03-09 09:44:31'),
(1141, 35, 'up', '2020-03-09 09:44:31', '2020-03-09 09:44:31'),
(1142, 36, 'up', '2020-03-09 09:44:31', '2020-03-09 09:44:31'),
(1143, 37, 'up', '2020-03-09 09:44:31', '2020-03-09 09:44:31'),
(1144, 38, 'up', '2020-03-09 09:44:32', '2020-03-09 09:44:32'),
(1145, 39, 'up', '2020-03-09 09:44:32', '2020-03-09 09:44:32'),
(1146, 40, 'up', '2020-03-09 09:44:32', '2020-03-09 09:44:32'),
(1147, 41, 'up', '2020-03-09 09:44:32', '2020-03-09 09:44:32'),
(1148, 42, 'up', '2020-03-09 09:44:32', '2020-03-09 09:44:32'),
(1149, 43, 'up', '2020-03-09 09:44:32', '2020-03-09 09:44:32'),
(1150, 44, 'up', '2020-03-09 09:44:32', '2020-03-09 09:44:32'),
(1151, 45, 'up', '2020-03-09 09:44:32', '2020-03-09 09:44:32'),
(1152, 46, 'up', '2020-03-09 09:44:32', '2020-03-09 09:44:32'),
(1153, 47, 'down', '2020-03-09 09:44:32', '2020-03-09 09:44:32'),
(1154, 48, 'up', '2020-03-09 09:44:32', '2020-03-09 09:44:32'),
(1155, 49, 'up', '2020-03-09 09:44:32', '2020-03-09 09:44:32'),
(1156, 50, 'up', '2020-03-09 09:44:32', '2020-03-09 09:44:32'),
(1157, 51, 'up', '2020-03-09 09:44:32', '2020-03-09 09:44:32'),
(1158, 52, 'up', '2020-03-09 09:44:32', '2020-03-09 09:44:32'),
(1159, 53, 'up', '2020-03-09 09:44:32', '2020-03-09 09:44:32'),
(1160, 54, 'up', '2020-03-09 09:44:32', '2020-03-09 09:44:32'),
(1161, 55, 'up', '2020-03-09 09:44:32', '2020-03-09 09:44:32'),
(1162, 56, 'up', '2020-03-09 09:44:32', '2020-03-09 09:44:32'),
(1163, 57, 'up', '2020-03-09 09:44:32', '2020-03-09 09:44:32'),
(1164, 58, 'up', '2020-03-09 09:44:32', '2020-03-09 09:44:32'),
(1165, 59, 'up', '2020-03-09 09:44:33', '2020-03-09 09:44:33'),
(1166, 60, 'up', '2020-03-09 09:44:33', '2020-03-09 09:44:33'),
(1167, 61, 'up', '2020-03-09 09:44:33', '2020-03-09 09:44:33'),
(1168, 62, 'up', '2020-03-09 09:44:33', '2020-03-09 09:44:33'),
(1169, 63, 'up', '2020-03-09 09:44:33', '2020-03-09 09:44:33'),
(1170, 64, 'up', '2020-03-09 09:44:33', '2020-03-09 09:44:33'),
(1171, 65, 'up', '2020-03-09 09:44:33', '2020-03-09 09:44:33'),
(1172, 66, 'up', '2020-03-09 09:44:33', '2020-03-09 09:44:33'),
(1173, 67, 'down', '2020-03-09 09:44:33', '2020-03-09 09:44:33'),
(1174, 68, 'up', '2020-03-09 09:44:33', '2020-03-09 09:44:33'),
(1175, 69, 'up', '2020-03-09 09:44:33', '2020-03-09 09:44:33'),
(1176, 70, 'up', '2020-03-09 09:44:33', '2020-03-09 09:44:33'),
(1177, 71, 'up', '2020-03-09 09:44:33', '2020-03-09 09:44:33'),
(1178, 72, 'up', '2020-03-09 09:44:33', '2020-03-09 09:44:33'),
(1179, 73, 'up', '2020-03-09 09:44:33', '2020-03-09 09:44:33'),
(1180, 74, 'up', '2020-03-09 09:44:33', '2020-03-09 09:44:33'),
(1181, 75, 'up', '2020-03-09 09:44:33', '2020-03-09 09:44:33'),
(1182, 76, 'up', '2020-03-09 09:44:33', '2020-03-09 09:44:33'),
(1183, 77, 'up', '2020-03-09 09:44:33', '2020-03-09 09:44:33'),
(1184, 78, 'down', '2020-03-09 09:44:33', '2020-03-09 09:44:33'),
(1185, 79, 'up', '2020-03-09 09:44:33', '2020-03-09 09:44:33'),
(1186, 80, 'up', '2020-03-09 09:44:34', '2020-03-09 09:44:34'),
(1187, 81, 'up', '2020-03-09 09:44:34', '2020-03-09 09:44:34'),
(1188, 82, 'up', '2020-03-09 09:44:34', '2020-03-09 09:44:34'),
(1189, 83, 'up', '2020-03-09 09:44:34', '2020-03-09 09:44:34'),
(1190, 84, 'up', '2020-03-09 09:44:34', '2020-03-09 09:44:34'),
(1191, 85, 'up', '2020-03-09 09:44:34', '2020-03-09 09:44:34'),
(1192, 86, 'up', '2020-03-09 09:44:34', '2020-03-09 09:44:34'),
(1193, 87, 'up', '2020-03-09 09:44:34', '2020-03-09 09:44:34'),
(1194, 88, 'up', '2020-03-09 09:44:34', '2020-03-09 09:44:34'),
(1195, 89, 'up', '2020-03-09 09:44:34', '2020-03-09 09:44:34'),
(1196, 90, 'up', '2020-03-09 09:44:34', '2020-03-09 09:44:34'),
(1197, 91, 'down', '2020-03-09 09:44:34', '2020-03-09 09:44:34'),
(1198, 92, 'up', '2020-03-09 09:44:34', '2020-03-09 09:44:34'),
(1199, 93, 'up', '2020-03-09 09:44:34', '2020-03-09 09:44:34'),
(1200, 94, 'up', '2020-03-09 09:44:34', '2020-03-09 09:44:34'),
(1201, 95, 'up', '2020-03-09 09:44:34', '2020-03-09 09:44:34'),
(1202, 96, 'up', '2020-03-09 09:44:34', '2020-03-09 09:44:34'),
(1203, 97, 'up', '2020-03-09 09:44:34', '2020-03-09 09:44:34'),
(1204, 98, 'up', '2020-03-09 09:44:34', '2020-03-09 09:44:34'),
(1205, 99, 'up', '2020-03-09 09:44:34', '2020-03-09 09:44:34'),
(1206, 100, 'up', '2020-03-09 09:44:34', '2020-03-09 09:44:34'),
(1207, 101, 'up', '2020-03-09 09:44:34', '2020-03-09 09:44:34'),
(1208, 102, 'up', '2020-03-09 09:44:34', '2020-03-09 09:44:34'),
(1209, 103, 'down', '2020-03-09 09:44:34', '2020-03-09 09:44:34'),
(1210, 104, 'up', '2020-03-09 09:44:34', '2020-03-09 09:44:34'),
(1211, 105, 'up', '2020-03-09 09:44:35', '2020-03-09 09:44:35'),
(1212, 106, 'up', '2020-03-09 09:44:35', '2020-03-09 09:44:35'),
(1213, 107, 'up', '2020-03-09 09:44:35', '2020-03-09 09:44:35'),
(1214, 108, 'up', '2020-03-09 09:44:35', '2020-03-09 09:44:35'),
(1215, 109, 'up', '2020-03-09 09:44:35', '2020-03-09 09:44:35'),
(1216, 110, 'up', '2020-03-09 09:44:35', '2020-03-09 09:44:35'),
(1217, 111, 'up', '2020-03-09 09:44:35', '2020-03-09 09:44:35'),
(1218, 112, 'up', '2020-03-09 09:44:35', '2020-03-09 09:44:35'),
(1219, 113, 'up', '2020-03-09 09:44:35', '2020-03-09 09:44:35'),
(1220, 114, 'up', '2020-03-09 09:44:35', '2020-03-09 09:44:35'),
(1221, 115, 'up', '2020-03-09 09:44:35', '2020-03-09 09:44:35'),
(1222, 116, 'up', '2020-03-09 09:44:35', '2020-03-09 09:44:35'),
(1223, 117, 'up', '2020-03-09 09:44:35', '2020-03-09 09:44:35'),
(1224, 118, 'up', '2020-03-09 09:44:35', '2020-03-09 09:44:35'),
(1225, 119, 'up', '2020-03-09 09:44:35', '2020-03-09 09:44:35'),
(1226, 120, 'up', '2020-03-09 09:44:35', '2020-03-09 09:44:35'),
(1227, 121, 'up', '2020-03-09 09:44:35', '2020-03-09 09:44:35'),
(1228, 122, 'down', '2020-03-09 09:44:35', '2020-03-09 09:44:35'),
(1229, 123, 'up', '2020-03-09 09:44:35', '2020-03-09 09:44:35'),
(1230, 124, 'up', '2020-03-09 09:44:36', '2020-03-09 09:44:36'),
(1231, 125, 'up', '2020-03-09 09:44:36', '2020-03-09 09:44:36'),
(1232, 126, 'up', '2020-03-09 09:44:36', '2020-03-09 09:44:36'),
(1233, 127, 'up', '2020-03-09 09:44:36', '2020-03-09 09:44:36'),
(1234, 128, 'up', '2020-03-09 09:44:36', '2020-03-09 09:44:36'),
(1235, 129, 'up', '2020-03-09 09:44:36', '2020-03-09 09:44:36'),
(1236, 130, 'up', '2020-03-09 09:44:36', '2020-03-09 09:44:36'),
(1237, 131, 'up', '2020-03-09 09:44:36', '2020-03-09 09:44:36'),
(1238, 132, 'up', '2020-03-09 09:44:36', '2020-03-09 09:44:36'),
(1239, 133, 'up', '2020-03-09 09:44:36', '2020-03-09 09:44:36'),
(1240, 134, 'up', '2020-03-09 09:44:36', '2020-03-09 09:44:36'),
(1241, 135, 'up', '2020-03-09 09:44:36', '2020-03-09 09:44:36'),
(1242, 136, 'up', '2020-03-09 09:44:36', '2020-03-09 09:44:36'),
(1243, 137, 'up', '2020-03-09 09:44:36', '2020-03-09 09:44:36'),
(1244, 138, 'up', '2020-03-09 09:44:36', '2020-03-09 09:44:36'),
(1245, 139, 'up', '2020-03-09 09:44:36', '2020-03-09 09:44:36'),
(1246, 140, 'up', '2020-03-09 09:44:36', '2020-03-09 09:44:36'),
(1247, 141, 'up', '2020-03-09 09:44:36', '2020-03-09 09:44:36'),
(1248, 142, 'down', '2020-03-09 09:44:36', '2020-03-09 09:44:36'),
(1249, 143, 'down', '2020-03-09 09:44:36', '2020-03-09 09:44:36'),
(1250, 144, 'up', '2020-03-09 09:44:36', '2020-03-09 09:44:36'),
(1251, 145, 'up', '2020-03-09 09:44:37', '2020-03-09 09:44:37'),
(1252, 146, 'up', '2020-03-09 09:44:37', '2020-03-09 09:44:37'),
(1253, 147, 'up', '2020-03-09 09:44:37', '2020-03-09 09:44:37'),
(1254, 148, 'up', '2020-03-09 09:44:37', '2020-03-09 09:44:37'),
(1255, 149, 'down', '2020-03-09 09:44:37', '2020-03-09 09:44:37'),
(1256, 150, 'up', '2020-03-09 09:44:37', '2020-03-09 09:44:37'),
(1257, 151, 'up', '2020-03-09 09:44:37', '2020-03-09 09:44:37'),
(1258, 152, 'up', '2020-03-09 09:44:37', '2020-03-09 09:44:37'),
(1259, 153, 'down', '2020-03-09 09:44:37', '2020-03-09 09:44:37'),
(1260, 154, 'up', '2020-03-09 09:44:37', '2020-03-09 09:44:37'),
(1261, 155, 'up', '2020-03-09 09:44:37', '2020-03-09 09:44:37'),
(1262, 156, 'up', '2020-03-09 09:44:37', '2020-03-09 09:44:37'),
(1263, 157, 'up', '2020-03-09 09:44:37', '2020-03-09 09:44:37'),
(1264, 158, 'up', '2020-03-09 09:44:37', '2020-03-09 09:44:37'),
(1265, 159, 'up', '2020-03-09 09:44:37', '2020-03-09 09:44:37'),
(1266, 160, 'up', '2020-03-09 09:44:37', '2020-03-09 09:44:37'),
(1267, 161, 'up', '2020-03-09 09:44:37', '2020-03-09 09:44:37'),
(1268, 162, 'up', '2020-03-09 09:44:37', '2020-03-09 09:44:37'),
(1269, 163, 'up', '2020-03-09 09:44:37', '2020-03-09 09:44:37'),
(1270, 164, 'up', '2020-03-09 09:44:37', '2020-03-09 09:44:37'),
(1271, 165, 'up', '2020-03-09 09:44:38', '2020-03-09 09:44:38'),
(1272, 166, 'down', '2020-03-09 09:44:38', '2020-03-09 09:44:38'),
(1273, 167, 'up', '2020-03-09 09:44:38', '2020-03-09 09:44:38'),
(1274, 168, 'up', '2020-03-09 09:44:38', '2020-03-09 09:44:38'),
(1275, 169, 'up', '2020-03-09 09:44:38', '2020-03-09 09:44:38'),
(1276, 170, 'up', '2020-03-09 09:44:38', '2020-03-09 09:44:38'),
(1277, 171, 'up', '2020-03-09 09:44:38', '2020-03-09 09:44:38'),
(1278, 172, 'up', '2020-03-09 09:44:38', '2020-03-09 09:44:38'),
(1279, 173, 'up', '2020-03-09 09:44:38', '2020-03-09 09:44:38'),
(1280, 174, 'up', '2020-03-09 09:44:38', '2020-03-09 09:44:38'),
(1281, 175, 'up', '2020-03-09 09:44:38', '2020-03-09 09:44:38'),
(1282, 176, 'up', '2020-03-09 09:44:38', '2020-03-09 09:44:38'),
(1283, 177, 'up', '2020-03-09 09:44:38', '2020-03-09 09:44:38'),
(1284, 178, 'up', '2020-03-09 09:44:39', '2020-03-09 09:44:39'),
(1285, 188, 'up', '2020-03-09 09:44:39', '2020-03-09 09:44:39'),
(1286, 189, 'up', '2020-03-09 09:44:39', '2020-03-09 09:44:39'),
(1287, 190, 'up', '2020-03-09 09:44:39', '2020-03-09 09:44:39'),
(1288, 191, 'up', '2020-03-09 09:44:39', '2020-03-09 09:44:39'),
(1289, 192, 'up', '2020-03-09 09:44:39', '2020-03-09 09:44:39'),
(1290, 193, 'up', '2020-03-09 09:44:39', '2020-03-09 09:44:39'),
(1291, 194, 'up', '2020-03-09 09:44:39', '2020-03-09 09:44:39'),
(1292, 195, 'up', '2020-03-09 09:44:39', '2020-03-09 09:44:39'),
(1293, 196, 'down', '2020-03-09 09:44:39', '2020-03-09 09:44:39'),
(1294, 197, 'up', '2020-03-09 09:44:39', '2020-03-09 09:44:39'),
(1295, 198, 'up', '2020-03-09 09:44:39', '2020-03-09 09:44:39'),
(1296, 199, 'up', '2020-03-09 09:44:39', '2020-03-09 09:44:39'),
(1297, 200, 'up', '2020-03-09 09:44:39', '2020-03-09 09:44:39'),
(1298, 201, 'up', '2020-03-09 09:44:39', '2020-03-09 09:44:39'),
(1299, 202, 'up', '2020-03-09 09:44:39', '2020-03-09 09:44:39'),
(1300, 203, 'up', '2020-03-09 09:44:39', '2020-03-09 09:44:39'),
(1301, 204, 'down', '2020-03-09 09:44:39', '2020-03-09 09:44:39'),
(1302, 205, 'up', '2020-03-09 09:44:39', '2020-03-09 09:44:39'),
(1303, 206, 'up', '2020-03-09 09:44:40', '2020-03-09 09:44:40'),
(1304, 207, 'up', '2020-03-09 09:44:40', '2020-03-09 09:44:40'),
(1305, 208, 'up', '2020-03-09 09:44:40', '2020-03-09 09:44:40'),
(1306, 209, 'up', '2020-03-09 09:44:40', '2020-03-09 09:44:40'),
(1307, 210, 'down', '2020-03-09 09:44:40', '2020-03-09 09:44:40'),
(1308, 211, 'up', '2020-03-09 09:44:40', '2020-03-09 09:44:40'),
(1309, 219, 'up', '2020-03-09 09:44:40', '2020-03-09 09:44:40'),
(1310, 220, 'up', '2020-03-09 09:44:40', '2020-03-09 09:44:40'),
(1311, 221, 'up', '2020-03-09 09:44:40', '2020-03-09 09:44:40'),
(1312, 222, 'up', '2020-03-09 09:44:40', '2020-03-09 09:44:40'),
(1313, 223, 'up', '2020-03-09 09:44:40', '2020-03-09 09:44:40'),
(1314, 224, 'up', '2020-03-09 09:44:40', '2020-03-09 09:44:40'),
(1315, 225, 'up', '2020-03-09 09:44:40', '2020-03-09 09:44:40'),
(1316, 226, 'up', '2020-03-09 09:44:40', '2020-03-09 09:44:40'),
(1317, 227, 'up', '2020-03-09 09:44:40', '2020-03-09 09:44:40'),
(1318, 228, 'up', '2020-03-09 09:44:40', '2020-03-09 09:44:40'),
(1319, 229, 'up', '2020-03-09 09:44:41', '2020-03-09 09:44:41'),
(1320, 230, 'down', '2020-03-09 09:44:41', '2020-03-09 09:44:41'),
(1321, 231, 'down', '2020-03-09 09:44:41', '2020-03-09 09:44:41'),
(1322, 232, 'up', '2020-03-09 09:44:41', '2020-03-09 09:44:41'),
(1323, 233, 'up', '2020-03-09 09:44:42', '2020-03-09 09:44:42'),
(1324, 234, 'up', '2020-03-09 09:44:42', '2020-03-09 09:44:42'),
(1325, 235, 'up', '2020-03-09 09:44:42', '2020-03-09 09:44:42'),
(1326, 236, 'up', '2020-03-09 09:44:42', '2020-03-09 09:44:42'),
(1327, 237, 'up', '2020-03-09 09:44:42', '2020-03-09 09:44:42'),
(1328, 1, 'down', '2020-03-09 09:46:51', '2020-03-09 09:46:51'),
(1329, 2, 'down', '2020-03-09 09:46:51', '2020-03-09 09:46:51'),
(1330, 3, 'down', '2020-03-09 09:46:51', '2020-03-09 09:46:51'),
(1331, 4, 'up', '2020-03-09 09:46:51', '2020-03-09 09:46:51'),
(1332, 5, 'up', '2020-03-09 09:46:52', '2020-03-09 09:46:52'),
(1333, 6, 'up', '2020-03-09 09:46:52', '2020-03-09 09:46:52'),
(1334, 7, 'up', '2020-03-09 09:46:52', '2020-03-09 09:46:52'),
(1335, 8, 'up', '2020-03-09 09:46:52', '2020-03-09 09:46:52'),
(1336, 9, 'up', '2020-03-09 09:46:52', '2020-03-09 09:46:52'),
(1337, 10, 'up', '2020-03-09 09:46:52', '2020-03-09 09:46:52'),
(1338, 11, 'up', '2020-03-09 09:46:52', '2020-03-09 09:46:52'),
(1339, 12, 'up', '2020-03-09 09:46:52', '2020-03-09 09:46:52'),
(1340, 13, 'up', '2020-03-09 09:46:52', '2020-03-09 09:46:52'),
(1341, 14, 'up', '2020-03-09 09:46:52', '2020-03-09 09:46:52'),
(1342, 15, 'up', '2020-03-09 09:46:52', '2020-03-09 09:46:52'),
(1343, 16, 'up', '2020-03-09 09:46:52', '2020-03-09 09:46:52'),
(1344, 17, 'up', '2020-03-09 09:46:52', '2020-03-09 09:46:52'),
(1345, 18, 'up', '2020-03-09 09:46:52', '2020-03-09 09:46:52'),
(1346, 19, 'up', '2020-03-09 09:46:52', '2020-03-09 09:46:52'),
(1347, 20, 'up', '2020-03-09 09:46:52', '2020-03-09 09:46:52'),
(1348, 21, 'up', '2020-03-09 09:46:52', '2020-03-09 09:46:52'),
(1349, 22, 'up', '2020-03-09 09:46:52', '2020-03-09 09:46:52'),
(1350, 23, 'up', '2020-03-09 09:46:52', '2020-03-09 09:46:52'),
(1351, 24, 'up', '2020-03-09 09:46:52', '2020-03-09 09:46:52'),
(1352, 25, 'up', '2020-03-09 09:46:52', '2020-03-09 09:46:52'),
(1353, 26, 'up', '2020-03-09 09:46:52', '2020-03-09 09:46:52'),
(1354, 27, 'down', '2020-03-09 09:46:52', '2020-03-09 09:46:52'),
(1355, 28, 'up', '2020-03-09 09:46:52', '2020-03-09 09:46:52'),
(1356, 29, 'up', '2020-03-09 09:46:53', '2020-03-09 09:46:53'),
(1357, 30, 'up', '2020-03-09 09:46:53', '2020-03-09 09:46:53'),
(1358, 31, 'up', '2020-03-09 09:46:53', '2020-03-09 09:46:53'),
(1359, 32, 'up', '2020-03-09 09:46:53', '2020-03-09 09:46:53'),
(1360, 33, 'up', '2020-03-09 09:46:53', '2020-03-09 09:46:53'),
(1361, 34, 'up', '2020-03-09 09:46:53', '2020-03-09 09:46:53'),
(1362, 35, 'up', '2020-03-09 09:46:53', '2020-03-09 09:46:53'),
(1363, 36, 'up', '2020-03-09 09:46:53', '2020-03-09 09:46:53'),
(1364, 37, 'down', '2020-03-09 09:46:53', '2020-03-09 09:46:53'),
(1365, 38, 'up', '2020-03-09 09:46:53', '2020-03-09 09:46:53'),
(1366, 39, 'up', '2020-03-09 09:46:53', '2020-03-09 09:46:53'),
(1367, 40, 'up', '2020-03-09 09:46:53', '2020-03-09 09:46:53'),
(1368, 41, 'up', '2020-03-09 09:46:53', '2020-03-09 09:46:53'),
(1369, 42, 'up', '2020-03-09 09:46:53', '2020-03-09 09:46:53'),
(1370, 43, 'up', '2020-03-09 09:46:53', '2020-03-09 09:46:53'),
(1371, 44, 'up', '2020-03-09 09:46:53', '2020-03-09 09:46:53'),
(1372, 45, 'up', '2020-03-09 09:46:53', '2020-03-09 09:46:53'),
(1373, 46, 'up', '2020-03-09 09:46:53', '2020-03-09 09:46:53'),
(1374, 47, 'up', '2020-03-09 09:46:53', '2020-03-09 09:46:53'),
(1375, 48, 'up', '2020-03-09 09:46:53', '2020-03-09 09:46:53'),
(1376, 49, 'up', '2020-03-09 09:46:54', '2020-03-09 09:46:54'),
(1377, 50, 'up', '2020-03-09 09:46:54', '2020-03-09 09:46:54'),
(1378, 51, 'up', '2020-03-09 09:46:54', '2020-03-09 09:46:54'),
(1379, 52, 'up', '2020-03-09 09:46:54', '2020-03-09 09:46:54'),
(1380, 53, 'up', '2020-03-09 09:46:54', '2020-03-09 09:46:54'),
(1381, 54, 'up', '2020-03-09 09:46:54', '2020-03-09 09:46:54'),
(1382, 55, 'up', '2020-03-09 09:46:54', '2020-03-09 09:46:54'),
(1383, 56, 'up', '2020-03-09 09:46:54', '2020-03-09 09:46:54'),
(1384, 57, 'up', '2020-03-09 09:46:54', '2020-03-09 09:46:54'),
(1385, 58, 'up', '2020-03-09 09:46:54', '2020-03-09 09:46:54'),
(1386, 59, 'up', '2020-03-09 09:46:54', '2020-03-09 09:46:54'),
(1387, 60, 'up', '2020-03-09 09:46:54', '2020-03-09 09:46:54'),
(1388, 61, 'up', '2020-03-09 09:46:54', '2020-03-09 09:46:54'),
(1389, 62, 'up', '2020-03-09 09:46:54', '2020-03-09 09:46:54'),
(1390, 63, 'up', '2020-03-09 09:46:54', '2020-03-09 09:46:54'),
(1391, 64, 'up', '2020-03-09 09:46:54', '2020-03-09 09:46:54'),
(1392, 65, 'up', '2020-03-09 09:46:54', '2020-03-09 09:46:54'),
(1393, 66, 'up', '2020-03-09 09:46:54', '2020-03-09 09:46:54'),
(1394, 67, 'up', '2020-03-09 09:46:54', '2020-03-09 09:46:54'),
(1395, 68, 'down', '2020-03-09 09:46:54', '2020-03-09 09:46:54'),
(1396, 69, 'up', '2020-03-09 09:46:54', '2020-03-09 09:46:54'),
(1397, 70, 'up', '2020-03-09 09:46:55', '2020-03-09 09:46:55'),
(1398, 71, 'up', '2020-03-09 09:46:55', '2020-03-09 09:46:55'),
(1399, 72, 'up', '2020-03-09 09:46:55', '2020-03-09 09:46:55'),
(1400, 73, 'up', '2020-03-09 09:46:55', '2020-03-09 09:46:55'),
(1401, 74, 'up', '2020-03-09 09:46:55', '2020-03-09 09:46:55'),
(1402, 75, 'up', '2020-03-09 09:46:55', '2020-03-09 09:46:55'),
(1403, 76, 'up', '2020-03-09 09:46:55', '2020-03-09 09:46:55'),
(1404, 77, 'up', '2020-03-09 09:46:55', '2020-03-09 09:46:55'),
(1405, 78, 'up', '2020-03-09 09:46:55', '2020-03-09 09:46:55'),
(1406, 79, 'up', '2020-03-09 09:46:55', '2020-03-09 09:46:55'),
(1407, 80, 'up', '2020-03-09 09:46:55', '2020-03-09 09:46:55'),
(1408, 81, 'up', '2020-03-09 09:46:55', '2020-03-09 09:46:55'),
(1409, 82, 'up', '2020-03-09 09:46:55', '2020-03-09 09:46:55'),
(1410, 83, 'up', '2020-03-09 09:46:55', '2020-03-09 09:46:55'),
(1411, 84, 'up', '2020-03-09 09:46:55', '2020-03-09 09:46:55'),
(1412, 85, 'up', '2020-03-09 09:46:55', '2020-03-09 09:46:55'),
(1413, 86, 'up', '2020-03-09 09:46:55', '2020-03-09 09:46:55'),
(1414, 87, 'up', '2020-03-09 09:46:55', '2020-03-09 09:46:55'),
(1415, 88, 'up', '2020-03-09 09:46:55', '2020-03-09 09:46:55'),
(1416, 89, 'up', '2020-03-09 09:46:55', '2020-03-09 09:46:55'),
(1417, 90, 'up', '2020-03-09 09:46:55', '2020-03-09 09:46:55'),
(1418, 91, 'up', '2020-03-09 09:46:55', '2020-03-09 09:46:55'),
(1419, 92, 'up', '2020-03-09 09:46:55', '2020-03-09 09:46:55'),
(1420, 93, 'up', '2020-03-09 09:46:56', '2020-03-09 09:46:56'),
(1421, 94, 'up', '2020-03-09 09:46:56', '2020-03-09 09:46:56'),
(1422, 95, 'up', '2020-03-09 09:46:56', '2020-03-09 09:46:56'),
(1423, 96, 'up', '2020-03-09 09:46:56', '2020-03-09 09:46:56'),
(1424, 97, 'up', '2020-03-09 09:46:56', '2020-03-09 09:46:56'),
(1425, 98, 'up', '2020-03-09 09:46:56', '2020-03-09 09:46:56'),
(1426, 99, 'up', '2020-03-09 09:46:56', '2020-03-09 09:46:56'),
(1427, 100, 'up', '2020-03-09 09:46:56', '2020-03-09 09:46:56'),
(1428, 101, 'up', '2020-03-09 09:46:56', '2020-03-09 09:46:56'),
(1429, 102, 'down', '2020-03-09 09:46:56', '2020-03-09 09:46:56'),
(1430, 103, 'up', '2020-03-09 09:46:56', '2020-03-09 09:46:56'),
(1431, 104, 'up', '2020-03-09 09:46:56', '2020-03-09 09:46:56'),
(1432, 105, 'up', '2020-03-09 09:46:56', '2020-03-09 09:46:56'),
(1433, 106, 'up', '2020-03-09 09:46:56', '2020-03-09 09:46:56'),
(1434, 107, 'up', '2020-03-09 09:46:56', '2020-03-09 09:46:56'),
(1435, 108, 'up', '2020-03-09 09:46:56', '2020-03-09 09:46:56'),
(1436, 109, 'up', '2020-03-09 09:46:56', '2020-03-09 09:46:56'),
(1437, 110, 'up', '2020-03-09 09:46:56', '2020-03-09 09:46:56'),
(1438, 111, 'up', '2020-03-09 09:46:56', '2020-03-09 09:46:56'),
(1439, 112, 'up', '2020-03-09 09:46:56', '2020-03-09 09:46:56'),
(1440, 113, 'up', '2020-03-09 09:46:56', '2020-03-09 09:46:56'),
(1441, 114, 'up', '2020-03-09 09:46:56', '2020-03-09 09:46:56'),
(1442, 115, 'up', '2020-03-09 09:46:57', '2020-03-09 09:46:57'),
(1443, 116, 'up', '2020-03-09 09:46:57', '2020-03-09 09:46:57'),
(1444, 117, 'up', '2020-03-09 09:46:57', '2020-03-09 09:46:57'),
(1445, 118, 'up', '2020-03-09 09:46:57', '2020-03-09 09:46:57'),
(1446, 119, 'up', '2020-03-09 09:46:57', '2020-03-09 09:46:57'),
(1447, 120, 'up', '2020-03-09 09:46:57', '2020-03-09 09:46:57'),
(1448, 121, 'up', '2020-03-09 09:46:57', '2020-03-09 09:46:57'),
(1449, 122, 'up', '2020-03-09 09:46:57', '2020-03-09 09:46:57'),
(1450, 123, 'up', '2020-03-09 09:46:57', '2020-03-09 09:46:57'),
(1451, 124, 'up', '2020-03-09 09:46:57', '2020-03-09 09:46:57'),
(1452, 125, 'up', '2020-03-09 09:46:57', '2020-03-09 09:46:57'),
(1453, 126, 'up', '2020-03-09 09:46:57', '2020-03-09 09:46:57'),
(1454, 127, 'up', '2020-03-09 09:46:57', '2020-03-09 09:46:57'),
(1455, 128, 'up', '2020-03-09 09:46:57', '2020-03-09 09:46:57'),
(1456, 129, 'up', '2020-03-09 09:46:57', '2020-03-09 09:46:57'),
(1457, 130, 'up', '2020-03-09 09:46:57', '2020-03-09 09:46:57'),
(1458, 131, 'up', '2020-03-09 09:46:57', '2020-03-09 09:46:57'),
(1459, 132, 'up', '2020-03-09 09:46:57', '2020-03-09 09:46:57'),
(1460, 133, 'up', '2020-03-09 09:46:57', '2020-03-09 09:46:57'),
(1461, 134, 'up', '2020-03-09 09:46:57', '2020-03-09 09:46:57'),
(1462, 135, 'up', '2020-03-09 09:46:57', '2020-03-09 09:46:57'),
(1463, 136, 'up', '2020-03-09 09:46:57', '2020-03-09 09:46:57'),
(1464, 137, 'up', '2020-03-09 09:46:58', '2020-03-09 09:46:58'),
(1465, 138, 'up', '2020-03-09 09:46:58', '2020-03-09 09:46:58'),
(1466, 139, 'up', '2020-03-09 09:46:58', '2020-03-09 09:46:58');
INSERT INTO `status_records` (`id`, `device_id`, `status`, `created_at`, `updated_at`) VALUES
(1467, 140, 'up', '2020-03-09 09:46:58', '2020-03-09 09:46:58'),
(1468, 141, 'up', '2020-03-09 09:46:58', '2020-03-09 09:46:58'),
(1469, 142, 'up', '2020-03-09 09:46:58', '2020-03-09 09:46:58'),
(1470, 143, 'up', '2020-03-09 09:46:58', '2020-03-09 09:46:58'),
(1471, 144, 'up', '2020-03-09 09:46:58', '2020-03-09 09:46:58'),
(1472, 145, 'up', '2020-03-09 09:46:58', '2020-03-09 09:46:58'),
(1473, 146, 'down', '2020-03-09 09:46:58', '2020-03-09 09:46:58'),
(1474, 147, 'up', '2020-03-09 09:46:58', '2020-03-09 09:46:58'),
(1475, 148, 'up', '2020-03-09 09:46:58', '2020-03-09 09:46:58'),
(1476, 149, 'down', '2020-03-09 09:46:58', '2020-03-09 09:46:58'),
(1477, 150, 'up', '2020-03-09 09:46:58', '2020-03-09 09:46:58'),
(1478, 151, 'up', '2020-03-09 09:46:58', '2020-03-09 09:46:58'),
(1479, 152, 'up', '2020-03-09 09:46:58', '2020-03-09 09:46:58'),
(1480, 153, 'up', '2020-03-09 09:46:58', '2020-03-09 09:46:58'),
(1481, 154, 'up', '2020-03-09 09:46:58', '2020-03-09 09:46:58'),
(1482, 155, 'up', '2020-03-09 09:46:58', '2020-03-09 09:46:58'),
(1483, 156, 'up', '2020-03-09 09:46:58', '2020-03-09 09:46:58'),
(1484, 157, 'up', '2020-03-09 09:46:58', '2020-03-09 09:46:58'),
(1485, 158, 'up', '2020-03-09 09:46:59', '2020-03-09 09:46:59'),
(1486, 159, 'up', '2020-03-09 09:46:59', '2020-03-09 09:46:59'),
(1487, 160, 'up', '2020-03-09 09:46:59', '2020-03-09 09:46:59'),
(1488, 161, 'up', '2020-03-09 09:46:59', '2020-03-09 09:46:59'),
(1489, 162, 'up', '2020-03-09 09:46:59', '2020-03-09 09:46:59'),
(1490, 163, 'up', '2020-03-09 09:46:59', '2020-03-09 09:46:59'),
(1491, 164, 'up', '2020-03-09 09:46:59', '2020-03-09 09:46:59'),
(1492, 165, 'up', '2020-03-09 09:46:59', '2020-03-09 09:46:59'),
(1493, 166, 'down', '2020-03-09 09:46:59', '2020-03-09 09:46:59'),
(1494, 167, 'up', '2020-03-09 09:46:59', '2020-03-09 09:46:59'),
(1495, 168, 'up', '2020-03-09 09:46:59', '2020-03-09 09:46:59'),
(1496, 169, 'up', '2020-03-09 09:46:59', '2020-03-09 09:46:59'),
(1497, 170, 'up', '2020-03-09 09:46:59', '2020-03-09 09:46:59'),
(1498, 171, 'up', '2020-03-09 09:46:59', '2020-03-09 09:46:59'),
(1499, 172, 'up', '2020-03-09 09:46:59', '2020-03-09 09:46:59'),
(1500, 173, 'up', '2020-03-09 09:46:59', '2020-03-09 09:46:59'),
(1501, 174, 'up', '2020-03-09 09:46:59', '2020-03-09 09:46:59'),
(1502, 175, 'up', '2020-03-09 09:46:59', '2020-03-09 09:46:59'),
(1503, 176, 'up', '2020-03-09 09:46:59', '2020-03-09 09:46:59'),
(1504, 177, 'up', '2020-03-09 09:46:59', '2020-03-09 09:46:59'),
(1505, 178, 'up', '2020-03-09 09:46:59', '2020-03-09 09:46:59'),
(1506, 188, 'up', '2020-03-09 09:47:00', '2020-03-09 09:47:00'),
(1507, 189, 'up', '2020-03-09 09:47:00', '2020-03-09 09:47:00'),
(1508, 190, 'up', '2020-03-09 09:47:00', '2020-03-09 09:47:00'),
(1509, 191, 'up', '2020-03-09 09:47:00', '2020-03-09 09:47:00'),
(1510, 192, 'up', '2020-03-09 09:47:00', '2020-03-09 09:47:00'),
(1511, 193, 'up', '2020-03-09 09:47:00', '2020-03-09 09:47:00'),
(1512, 194, 'up', '2020-03-09 09:47:00', '2020-03-09 09:47:00'),
(1513, 195, 'up', '2020-03-09 09:47:00', '2020-03-09 09:47:00'),
(1514, 196, 'down', '2020-03-09 09:47:00', '2020-03-09 09:47:00'),
(1515, 197, 'up', '2020-03-09 09:47:00', '2020-03-09 09:47:00'),
(1516, 198, 'up', '2020-03-09 09:47:00', '2020-03-09 09:47:00'),
(1517, 199, 'up', '2020-03-09 09:47:00', '2020-03-09 09:47:00'),
(1518, 200, 'up', '2020-03-09 09:47:00', '2020-03-09 09:47:00'),
(1519, 201, 'up', '2020-03-09 09:47:00', '2020-03-09 09:47:00'),
(1520, 202, 'up', '2020-03-09 09:47:00', '2020-03-09 09:47:00'),
(1521, 203, 'up', '2020-03-09 09:47:00', '2020-03-09 09:47:00'),
(1522, 204, 'down', '2020-03-09 09:47:00', '2020-03-09 09:47:00'),
(1523, 205, 'up', '2020-03-09 09:47:00', '2020-03-09 09:47:00'),
(1524, 206, 'up', '2020-03-09 09:47:01', '2020-03-09 09:47:01'),
(1525, 207, 'up', '2020-03-09 09:47:01', '2020-03-09 09:47:01'),
(1526, 208, 'up', '2020-03-09 09:47:01', '2020-03-09 09:47:01'),
(1527, 209, 'up', '2020-03-09 09:47:01', '2020-03-09 09:47:01'),
(1528, 210, 'down', '2020-03-09 09:47:01', '2020-03-09 09:47:01'),
(1529, 211, 'up', '2020-03-09 09:47:01', '2020-03-09 09:47:01'),
(1530, 219, 'up', '2020-03-09 09:47:01', '2020-03-09 09:47:01'),
(1531, 220, 'up', '2020-03-09 09:47:01', '2020-03-09 09:47:01'),
(1532, 221, 'up', '2020-03-09 09:47:01', '2020-03-09 09:47:01'),
(1533, 222, 'up', '2020-03-09 09:47:01', '2020-03-09 09:47:01'),
(1534, 223, 'up', '2020-03-09 09:47:01', '2020-03-09 09:47:01'),
(1535, 224, 'up', '2020-03-09 09:47:01', '2020-03-09 09:47:01'),
(1536, 225, 'up', '2020-03-09 09:47:01', '2020-03-09 09:47:01'),
(1537, 226, 'up', '2020-03-09 09:47:01', '2020-03-09 09:47:01'),
(1538, 227, 'up', '2020-03-09 09:47:01', '2020-03-09 09:47:01'),
(1539, 228, 'down', '2020-03-09 09:47:01', '2020-03-09 09:47:01'),
(1540, 229, 'up', '2020-03-09 09:47:01', '2020-03-09 09:47:01'),
(1541, 230, 'down', '2020-03-09 09:47:02', '2020-03-09 09:47:02'),
(1542, 231, 'down', '2020-03-09 09:47:02', '2020-03-09 09:47:02'),
(1543, 232, 'up', '2020-03-09 09:47:02', '2020-03-09 09:47:02'),
(1544, 233, 'up', '2020-03-09 09:47:03', '2020-03-09 09:47:03'),
(1545, 234, 'up', '2020-03-09 09:47:03', '2020-03-09 09:47:03'),
(1546, 235, 'up', '2020-03-09 09:47:03', '2020-03-09 09:47:03'),
(1547, 236, 'up', '2020-03-09 09:47:03', '2020-03-09 09:47:03'),
(1548, 237, 'up', '2020-03-09 09:47:03', '2020-03-09 09:47:03'),
(1549, 1, 'down', '2020-03-10 03:58:42', '2020-03-10 03:58:42'),
(1550, 2, 'down', '2020-03-10 03:58:42', '2020-03-10 03:58:42'),
(1551, 3, 'down', '2020-03-10 03:58:43', '2020-03-10 03:58:43'),
(1552, 4, 'down', '2020-03-10 03:58:43', '2020-03-10 03:58:43'),
(1553, 5, 'down', '2020-03-10 03:58:44', '2020-03-10 03:58:44'),
(1554, 6, 'down', '2020-03-10 03:58:44', '2020-03-10 03:58:44'),
(1555, 7, 'down', '2020-03-10 03:58:45', '2020-03-10 03:58:45'),
(1556, 8, 'down', '2020-03-10 03:58:45', '2020-03-10 03:58:45'),
(1557, 9, 'down', '2020-03-10 03:58:46', '2020-03-10 03:58:46'),
(1558, 10, 'down', '2020-03-10 03:58:46', '2020-03-10 03:58:46'),
(1559, 11, 'down', '2020-03-10 03:58:47', '2020-03-10 03:58:47'),
(1560, 12, 'down', '2020-03-10 03:58:47', '2020-03-10 03:58:47'),
(1561, 13, 'down', '2020-03-10 03:58:48', '2020-03-10 03:58:48'),
(1562, 14, 'down', '2020-03-10 03:58:48', '2020-03-10 03:58:48'),
(1563, 15, 'down', '2020-03-10 03:58:49', '2020-03-10 03:58:49'),
(1564, 16, 'down', '2020-03-10 03:58:49', '2020-03-10 03:58:49'),
(1565, 17, 'down', '2020-03-10 03:58:50', '2020-03-10 03:58:50'),
(1566, 18, 'down', '2020-03-10 03:58:50', '2020-03-10 03:58:50'),
(1567, 19, 'down', '2020-03-10 03:58:51', '2020-03-10 03:58:51'),
(1568, 20, 'down', '2020-03-10 03:58:51', '2020-03-10 03:58:51'),
(1569, 21, 'down', '2020-03-10 03:58:52', '2020-03-10 03:58:52'),
(1570, 22, 'down', '2020-03-10 03:58:52', '2020-03-10 03:58:52'),
(1571, 23, 'down', '2020-03-10 03:58:53', '2020-03-10 03:58:53'),
(1572, 24, 'down', '2020-03-10 03:58:53', '2020-03-10 03:58:53'),
(1573, 25, 'down', '2020-03-10 03:58:54', '2020-03-10 03:58:54'),
(1574, 26, 'down', '2020-03-10 03:58:54', '2020-03-10 03:58:54'),
(1575, 27, 'down', '2020-03-10 03:58:55', '2020-03-10 03:58:55'),
(1576, 28, 'down', '2020-03-10 03:58:55', '2020-03-10 03:58:55'),
(1577, 29, 'down', '2020-03-10 03:58:56', '2020-03-10 03:58:56'),
(1578, 30, 'down', '2020-03-10 03:58:56', '2020-03-10 03:58:56'),
(1579, 31, 'down', '2020-03-10 03:58:57', '2020-03-10 03:58:57'),
(1580, 32, 'down', '2020-03-10 03:58:57', '2020-03-10 03:58:57'),
(1581, 33, 'down', '2020-03-10 03:58:58', '2020-03-10 03:58:58'),
(1582, 34, 'down', '2020-03-10 03:58:58', '2020-03-10 03:58:58'),
(1583, 35, 'down', '2020-03-10 03:58:59', '2020-03-10 03:58:59'),
(1584, 36, 'down', '2020-03-10 03:58:59', '2020-03-10 03:58:59'),
(1585, 37, 'down', '2020-03-10 03:59:00', '2020-03-10 03:59:00'),
(1586, 38, 'down', '2020-03-10 03:59:00', '2020-03-10 03:59:00'),
(1587, 39, 'down', '2020-03-10 03:59:01', '2020-03-10 03:59:01'),
(1588, 40, 'down', '2020-03-10 03:59:01', '2020-03-10 03:59:01'),
(1589, 41, 'down', '2020-03-10 03:59:02', '2020-03-10 03:59:02'),
(1590, 42, 'down', '2020-03-10 03:59:02', '2020-03-10 03:59:02'),
(1591, 43, 'down', '2020-03-10 03:59:03', '2020-03-10 03:59:03'),
(1592, 44, 'down', '2020-03-10 03:59:03', '2020-03-10 03:59:03'),
(1593, 45, 'down', '2020-03-10 03:59:04', '2020-03-10 03:59:04'),
(1594, 46, 'down', '2020-03-10 03:59:04', '2020-03-10 03:59:04'),
(1595, 47, 'down', '2020-03-10 03:59:05', '2020-03-10 03:59:05'),
(1596, 48, 'down', '2020-03-10 03:59:05', '2020-03-10 03:59:05'),
(1597, 49, 'down', '2020-03-10 03:59:06', '2020-03-10 03:59:06'),
(1598, 50, 'down', '2020-03-10 03:59:06', '2020-03-10 03:59:06'),
(1599, 51, 'down', '2020-03-10 03:59:07', '2020-03-10 03:59:07'),
(1600, 52, 'down', '2020-03-10 03:59:07', '2020-03-10 03:59:07'),
(1601, 53, 'down', '2020-03-10 03:59:08', '2020-03-10 03:59:08'),
(1602, 54, 'down', '2020-03-10 03:59:08', '2020-03-10 03:59:08'),
(1603, 55, 'down', '2020-03-10 03:59:09', '2020-03-10 03:59:09'),
(1604, 56, 'down', '2020-03-10 03:59:09', '2020-03-10 03:59:09'),
(1605, 57, 'down', '2020-03-10 03:59:10', '2020-03-10 03:59:10'),
(1606, 58, 'down', '2020-03-10 03:59:10', '2020-03-10 03:59:10'),
(1607, 59, 'down', '2020-03-10 03:59:11', '2020-03-10 03:59:11'),
(1608, 60, 'down', '2020-03-10 03:59:11', '2020-03-10 03:59:11'),
(1609, 61, 'down', '2020-03-10 03:59:12', '2020-03-10 03:59:12'),
(1610, 62, 'down', '2020-03-10 03:59:12', '2020-03-10 03:59:12'),
(1611, 63, 'down', '2020-03-10 03:59:13', '2020-03-10 03:59:13'),
(1612, 64, 'down', '2020-03-10 03:59:13', '2020-03-10 03:59:13'),
(1613, 65, 'down', '2020-03-10 03:59:14', '2020-03-10 03:59:14'),
(1614, 66, 'down', '2020-03-10 03:59:14', '2020-03-10 03:59:14'),
(1615, 67, 'down', '2020-03-10 03:59:15', '2020-03-10 03:59:15'),
(1616, 68, 'down', '2020-03-10 03:59:15', '2020-03-10 03:59:15'),
(1617, 69, 'down', '2020-03-10 03:59:16', '2020-03-10 03:59:16'),
(1618, 70, 'down', '2020-03-10 03:59:16', '2020-03-10 03:59:16'),
(1619, 71, 'down', '2020-03-10 03:59:17', '2020-03-10 03:59:17'),
(1620, 72, 'down', '2020-03-10 03:59:17', '2020-03-10 03:59:17'),
(1621, 73, 'down', '2020-03-10 03:59:18', '2020-03-10 03:59:18'),
(1622, 74, 'down', '2020-03-10 03:59:18', '2020-03-10 03:59:18'),
(1623, 75, 'down', '2020-03-10 03:59:19', '2020-03-10 03:59:19'),
(1624, 76, 'down', '2020-03-10 03:59:19', '2020-03-10 03:59:19'),
(1625, 77, 'down', '2020-03-10 03:59:20', '2020-03-10 03:59:20'),
(1626, 78, 'down', '2020-03-10 03:59:20', '2020-03-10 03:59:20'),
(1627, 79, 'down', '2020-03-10 03:59:21', '2020-03-10 03:59:21'),
(1628, 80, 'down', '2020-03-10 03:59:21', '2020-03-10 03:59:21'),
(1629, 81, 'down', '2020-03-10 03:59:22', '2020-03-10 03:59:22'),
(1630, 82, 'down', '2020-03-10 03:59:22', '2020-03-10 03:59:22'),
(1631, 83, 'down', '2020-03-10 03:59:23', '2020-03-10 03:59:23'),
(1632, 84, 'down', '2020-03-10 03:59:23', '2020-03-10 03:59:23'),
(1633, 85, 'down', '2020-03-10 03:59:24', '2020-03-10 03:59:24'),
(1634, 86, 'down', '2020-03-10 03:59:24', '2020-03-10 03:59:24'),
(1635, 87, 'down', '2020-03-10 03:59:25', '2020-03-10 03:59:25'),
(1636, 88, 'down', '2020-03-10 03:59:25', '2020-03-10 03:59:25'),
(1637, 89, 'down', '2020-03-10 03:59:26', '2020-03-10 03:59:26'),
(1638, 90, 'down', '2020-03-10 03:59:26', '2020-03-10 03:59:26'),
(1639, 91, 'down', '2020-03-10 03:59:27', '2020-03-10 03:59:27'),
(1640, 92, 'down', '2020-03-10 03:59:27', '2020-03-10 03:59:27'),
(1641, 93, 'down', '2020-03-10 03:59:28', '2020-03-10 03:59:28'),
(1642, 94, 'down', '2020-03-10 03:59:28', '2020-03-10 03:59:28'),
(1643, 95, 'down', '2020-03-10 03:59:29', '2020-03-10 03:59:29'),
(1644, 96, 'down', '2020-03-10 03:59:29', '2020-03-10 03:59:29'),
(1645, 97, 'down', '2020-03-10 03:59:30', '2020-03-10 03:59:30'),
(1646, 98, 'down', '2020-03-10 03:59:30', '2020-03-10 03:59:30'),
(1647, 99, 'down', '2020-03-10 03:59:31', '2020-03-10 03:59:31'),
(1648, 100, 'down', '2020-03-10 03:59:31', '2020-03-10 03:59:31'),
(1649, 101, 'down', '2020-03-10 03:59:32', '2020-03-10 03:59:32'),
(1650, 102, 'down', '2020-03-10 03:59:32', '2020-03-10 03:59:32'),
(1651, 103, 'down', '2020-03-10 03:59:33', '2020-03-10 03:59:33'),
(1652, 104, 'down', '2020-03-10 03:59:33', '2020-03-10 03:59:33'),
(1653, 105, 'down', '2020-03-10 03:59:34', '2020-03-10 03:59:34'),
(1654, 106, 'down', '2020-03-10 03:59:34', '2020-03-10 03:59:34'),
(1655, 107, 'down', '2020-03-10 03:59:35', '2020-03-10 03:59:35'),
(1656, 108, 'down', '2020-03-10 03:59:35', '2020-03-10 03:59:35'),
(1657, 109, 'down', '2020-03-10 03:59:36', '2020-03-10 03:59:36'),
(1658, 110, 'down', '2020-03-10 03:59:36', '2020-03-10 03:59:36'),
(1659, 111, 'down', '2020-03-10 03:59:37', '2020-03-10 03:59:37'),
(1660, 112, 'down', '2020-03-10 03:59:37', '2020-03-10 03:59:37'),
(1661, 113, 'down', '2020-03-10 03:59:38', '2020-03-10 03:59:38'),
(1662, 114, 'down', '2020-03-10 03:59:38', '2020-03-10 03:59:38'),
(1663, 115, 'down', '2020-03-10 03:59:39', '2020-03-10 03:59:39'),
(1664, 116, 'down', '2020-03-10 03:59:39', '2020-03-10 03:59:39'),
(1665, 117, 'down', '2020-03-10 03:59:40', '2020-03-10 03:59:40'),
(1666, 118, 'down', '2020-03-10 03:59:40', '2020-03-10 03:59:40'),
(1667, 119, 'down', '2020-03-10 03:59:41', '2020-03-10 03:59:41'),
(1668, 120, 'down', '2020-03-10 03:59:41', '2020-03-10 03:59:41'),
(1669, 121, 'down', '2020-03-10 03:59:42', '2020-03-10 03:59:42'),
(1670, 122, 'down', '2020-03-10 03:59:42', '2020-03-10 03:59:42'),
(1671, 123, 'down', '2020-03-10 03:59:43', '2020-03-10 03:59:43'),
(1672, 124, 'down', '2020-03-10 03:59:43', '2020-03-10 03:59:43'),
(1673, 125, 'down', '2020-03-10 03:59:44', '2020-03-10 03:59:44'),
(1674, 126, 'down', '2020-03-10 03:59:44', '2020-03-10 03:59:44'),
(1675, 127, 'down', '2020-03-10 03:59:45', '2020-03-10 03:59:45'),
(1676, 128, 'down', '2020-03-10 03:59:45', '2020-03-10 03:59:45'),
(1677, 129, 'down', '2020-03-10 03:59:46', '2020-03-10 03:59:46'),
(1678, 130, 'down', '2020-03-10 03:59:46', '2020-03-10 03:59:46'),
(1679, 131, 'down', '2020-03-10 03:59:47', '2020-03-10 03:59:47'),
(1680, 132, 'down', '2020-03-10 03:59:47', '2020-03-10 03:59:47'),
(1681, 133, 'down', '2020-03-10 03:59:48', '2020-03-10 03:59:48'),
(1682, 134, 'down', '2020-03-10 03:59:48', '2020-03-10 03:59:48'),
(1683, 135, 'down', '2020-03-10 03:59:49', '2020-03-10 03:59:49'),
(1684, 136, 'down', '2020-03-10 03:59:49', '2020-03-10 03:59:49'),
(1685, 137, 'down', '2020-03-10 03:59:50', '2020-03-10 03:59:50'),
(1686, 138, 'down', '2020-03-10 03:59:50', '2020-03-10 03:59:50'),
(1687, 139, 'down', '2020-03-10 03:59:51', '2020-03-10 03:59:51'),
(1688, 140, 'down', '2020-03-10 03:59:51', '2020-03-10 03:59:51'),
(1689, 141, 'down', '2020-03-10 03:59:52', '2020-03-10 03:59:52'),
(1690, 142, 'down', '2020-03-10 03:59:52', '2020-03-10 03:59:52'),
(1691, 143, 'down', '2020-03-10 03:59:53', '2020-03-10 03:59:53'),
(1692, 144, 'down', '2020-03-10 03:59:53', '2020-03-10 03:59:53'),
(1693, 145, 'down', '2020-03-10 03:59:54', '2020-03-10 03:59:54'),
(1694, 146, 'down', '2020-03-10 03:59:54', '2020-03-10 03:59:54'),
(1695, 147, 'down', '2020-03-10 03:59:55', '2020-03-10 03:59:55'),
(1696, 148, 'down', '2020-03-10 03:59:55', '2020-03-10 03:59:55'),
(1697, 149, 'down', '2020-03-10 03:59:56', '2020-03-10 03:59:56'),
(1698, 150, 'down', '2020-03-10 03:59:56', '2020-03-10 03:59:56'),
(1699, 151, 'down', '2020-03-10 03:59:57', '2020-03-10 03:59:57'),
(1700, 152, 'down', '2020-03-10 03:59:57', '2020-03-10 03:59:57'),
(1701, 153, 'down', '2020-03-10 03:59:58', '2020-03-10 03:59:58'),
(1702, 154, 'down', '2020-03-10 03:59:58', '2020-03-10 03:59:58'),
(1703, 155, 'down', '2020-03-10 03:59:59', '2020-03-10 03:59:59'),
(1704, 156, 'down', '2020-03-10 03:59:59', '2020-03-10 03:59:59'),
(1705, 157, 'down', '2020-03-10 04:00:00', '2020-03-10 04:00:00'),
(1706, 158, 'down', '2020-03-10 04:00:00', '2020-03-10 04:00:00'),
(1707, 159, 'down', '2020-03-10 04:00:01', '2020-03-10 04:00:01'),
(1708, 160, 'down', '2020-03-10 04:00:01', '2020-03-10 04:00:01'),
(1709, 161, 'down', '2020-03-10 04:00:02', '2020-03-10 04:00:02'),
(1710, 162, 'down', '2020-03-10 04:00:02', '2020-03-10 04:00:02'),
(1711, 163, 'down', '2020-03-10 04:00:03', '2020-03-10 04:00:03'),
(1712, 164, 'down', '2020-03-10 04:00:03', '2020-03-10 04:00:03'),
(1713, 165, 'down', '2020-03-10 04:00:04', '2020-03-10 04:00:04'),
(1714, 166, 'down', '2020-03-10 04:00:04', '2020-03-10 04:00:04'),
(1715, 167, 'down', '2020-03-10 04:00:05', '2020-03-10 04:00:05'),
(1716, 168, 'down', '2020-03-10 04:00:05', '2020-03-10 04:00:05'),
(1717, 169, 'down', '2020-03-10 04:00:06', '2020-03-10 04:00:06'),
(1718, 170, 'down', '2020-03-10 04:00:06', '2020-03-10 04:00:06'),
(1719, 171, 'down', '2020-03-10 04:00:07', '2020-03-10 04:00:07'),
(1720, 172, 'down', '2020-03-10 04:00:07', '2020-03-10 04:00:07'),
(1721, 173, 'down', '2020-03-10 04:00:08', '2020-03-10 04:00:08'),
(1722, 174, 'down', '2020-03-10 04:00:08', '2020-03-10 04:00:08'),
(1723, 175, 'down', '2020-03-10 04:00:09', '2020-03-10 04:00:09'),
(1724, 176, 'down', '2020-03-10 04:00:09', '2020-03-10 04:00:09'),
(1725, 177, 'down', '2020-03-10 04:00:10', '2020-03-10 04:00:10'),
(1726, 178, 'down', '2020-03-10 04:00:10', '2020-03-10 04:00:10'),
(1727, 188, 'down', '2020-03-10 04:00:11', '2020-03-10 04:00:11'),
(1728, 189, 'down', '2020-03-10 04:00:11', '2020-03-10 04:00:11'),
(1729, 190, 'down', '2020-03-10 04:00:12', '2020-03-10 04:00:12'),
(1730, 191, 'down', '2020-03-10 04:00:12', '2020-03-10 04:00:12'),
(1731, 192, 'down', '2020-03-10 04:00:13', '2020-03-10 04:00:13'),
(1732, 193, 'down', '2020-03-10 04:00:13', '2020-03-10 04:00:13'),
(1733, 194, 'down', '2020-03-10 04:00:14', '2020-03-10 04:00:14'),
(1734, 195, 'down', '2020-03-10 04:00:14', '2020-03-10 04:00:14'),
(1735, 196, 'down', '2020-03-10 04:00:15', '2020-03-10 04:00:15'),
(1736, 197, 'down', '2020-03-10 04:00:15', '2020-03-10 04:00:15'),
(1737, 198, 'down', '2020-03-10 04:00:16', '2020-03-10 04:00:16'),
(1738, 199, 'down', '2020-03-10 04:00:16', '2020-03-10 04:00:16'),
(1739, 200, 'down', '2020-03-10 04:00:17', '2020-03-10 04:00:17'),
(1740, 201, 'down', '2020-03-10 04:00:17', '2020-03-10 04:00:17'),
(1741, 202, 'down', '2020-03-10 04:00:18', '2020-03-10 04:00:18'),
(1742, 203, 'down', '2020-03-10 04:00:18', '2020-03-10 04:00:18'),
(1743, 204, 'down', '2020-03-10 04:00:19', '2020-03-10 04:00:19'),
(1744, 205, 'down', '2020-03-10 04:00:19', '2020-03-10 04:00:19'),
(1745, 206, 'down', '2020-03-10 04:00:20', '2020-03-10 04:00:20'),
(1746, 207, 'down', '2020-03-10 04:00:20', '2020-03-10 04:00:20'),
(1747, 208, 'down', '2020-03-10 04:00:21', '2020-03-10 04:00:21'),
(1748, 209, 'down', '2020-03-10 04:00:21', '2020-03-10 04:00:21'),
(1749, 210, 'down', '2020-03-10 04:00:22', '2020-03-10 04:00:22'),
(1750, 211, 'down', '2020-03-10 04:00:22', '2020-03-10 04:00:22'),
(1751, 219, 'down', '2020-03-10 04:00:23', '2020-03-10 04:00:23'),
(1752, 220, 'down', '2020-03-10 04:00:23', '2020-03-10 04:00:23'),
(1753, 221, 'down', '2020-03-10 04:00:24', '2020-03-10 04:00:24'),
(1754, 222, 'down', '2020-03-10 04:00:24', '2020-03-10 04:00:24'),
(1755, 223, 'down', '2020-03-10 04:00:25', '2020-03-10 04:00:25'),
(1756, 224, 'down', '2020-03-10 04:00:25', '2020-03-10 04:00:25'),
(1757, 225, 'down', '2020-03-10 04:00:26', '2020-03-10 04:00:26'),
(1758, 226, 'down', '2020-03-10 04:00:26', '2020-03-10 04:00:26'),
(1759, 227, 'down', '2020-03-10 04:00:27', '2020-03-10 04:00:27'),
(1760, 228, 'down', '2020-03-10 04:00:27', '2020-03-10 04:00:27'),
(1761, 229, 'down', '2020-03-10 04:00:28', '2020-03-10 04:00:28'),
(1762, 230, 'down', '2020-03-10 04:00:28', '2020-03-10 04:00:28'),
(1763, 231, 'down', '2020-03-10 04:00:29', '2020-03-10 04:00:29'),
(1764, 232, 'down', '2020-03-10 04:00:29', '2020-03-10 04:00:29'),
(1765, 233, 'down', '2020-03-10 04:00:30', '2020-03-10 04:00:30'),
(1766, 234, 'down', '2020-03-10 04:00:30', '2020-03-10 04:00:30'),
(1767, 235, 'down', '2020-03-10 04:00:31', '2020-03-10 04:00:31'),
(1768, 236, 'down', '2020-03-10 04:00:31', '2020-03-10 04:00:31'),
(1769, 237, 'down', '2020-03-10 04:00:32', '2020-03-10 04:00:32'),
(1770, 1, 'down', '2020-03-10 04:28:26', '2020-03-10 04:28:26'),
(1771, 2, 'down', '2020-03-10 04:28:26', '2020-03-10 04:28:26'),
(1772, 3, 'down', '2020-03-10 04:28:27', '2020-03-10 04:28:27'),
(1773, 4, 'down', '2020-03-10 04:28:27', '2020-03-10 04:28:27'),
(1774, 5, 'down', '2020-03-10 04:28:28', '2020-03-10 04:28:28'),
(1775, 6, 'down', '2020-03-10 04:28:28', '2020-03-10 04:28:28'),
(1776, 7, 'down', '2020-03-10 04:28:29', '2020-03-10 04:28:29'),
(1777, 8, 'down', '2020-03-10 04:28:29', '2020-03-10 04:28:29'),
(1778, 9, 'down', '2020-03-10 04:28:30', '2020-03-10 04:28:30'),
(1779, 10, 'down', '2020-03-10 04:28:30', '2020-03-10 04:28:30'),
(1780, 11, 'down', '2020-03-10 04:28:31', '2020-03-10 04:28:31'),
(1781, 12, 'down', '2020-03-10 04:28:31', '2020-03-10 04:28:31'),
(1782, 13, 'down', '2020-03-10 04:28:32', '2020-03-10 04:28:32'),
(1783, 14, 'down', '2020-03-10 04:28:32', '2020-03-10 04:28:32'),
(1784, 15, 'down', '2020-03-10 04:28:33', '2020-03-10 04:28:33'),
(1785, 16, 'down', '2020-03-10 04:28:33', '2020-03-10 04:28:33'),
(1786, 17, 'down', '2020-03-10 04:28:34', '2020-03-10 04:28:34'),
(1787, 18, 'down', '2020-03-10 04:28:34', '2020-03-10 04:28:34'),
(1788, 19, 'down', '2020-03-10 04:28:35', '2020-03-10 04:28:35'),
(1789, 20, 'down', '2020-03-10 04:28:35', '2020-03-10 04:28:35'),
(1790, 21, 'down', '2020-03-10 04:28:36', '2020-03-10 04:28:36'),
(1791, 22, 'down', '2020-03-10 04:28:36', '2020-03-10 04:28:36'),
(1792, 23, 'down', '2020-03-10 04:28:37', '2020-03-10 04:28:37'),
(1793, 24, 'down', '2020-03-10 04:28:37', '2020-03-10 04:28:37'),
(1794, 25, 'down', '2020-03-10 04:28:38', '2020-03-10 04:28:38'),
(1795, 26, 'down', '2020-03-10 04:28:38', '2020-03-10 04:28:38'),
(1796, 27, 'down', '2020-03-10 04:28:39', '2020-03-10 04:28:39'),
(1797, 28, 'down', '2020-03-10 04:28:39', '2020-03-10 04:28:39'),
(1798, 29, 'down', '2020-03-10 04:28:40', '2020-03-10 04:28:40'),
(1799, 30, 'down', '2020-03-10 04:28:40', '2020-03-10 04:28:40'),
(1800, 31, 'down', '2020-03-10 04:28:41', '2020-03-10 04:28:41'),
(1801, 32, 'down', '2020-03-10 04:28:41', '2020-03-10 04:28:41'),
(1802, 33, 'down', '2020-03-10 04:28:42', '2020-03-10 04:28:42'),
(1803, 34, 'down', '2020-03-10 04:28:42', '2020-03-10 04:28:42'),
(1804, 35, 'down', '2020-03-10 04:28:43', '2020-03-10 04:28:43'),
(1805, 36, 'down', '2020-03-10 04:28:43', '2020-03-10 04:28:43'),
(1806, 37, 'down', '2020-03-10 04:28:44', '2020-03-10 04:28:44'),
(1807, 38, 'down', '2020-03-10 04:28:44', '2020-03-10 04:28:44'),
(1808, 39, 'down', '2020-03-10 04:28:45', '2020-03-10 04:28:45'),
(1809, 40, 'down', '2020-03-10 04:28:45', '2020-03-10 04:28:45'),
(1810, 41, 'down', '2020-03-10 04:28:46', '2020-03-10 04:28:46'),
(1811, 42, 'down', '2020-03-10 04:28:46', '2020-03-10 04:28:46'),
(1812, 43, 'down', '2020-03-10 04:28:47', '2020-03-10 04:28:47'),
(1813, 44, 'down', '2020-03-10 04:28:47', '2020-03-10 04:28:47'),
(1814, 45, 'down', '2020-03-10 04:28:48', '2020-03-10 04:28:48'),
(1815, 46, 'down', '2020-03-10 04:28:48', '2020-03-10 04:28:48'),
(1816, 47, 'down', '2020-03-10 04:28:49', '2020-03-10 04:28:49'),
(1817, 48, 'down', '2020-03-10 04:28:49', '2020-03-10 04:28:49'),
(1818, 49, 'down', '2020-03-10 04:28:50', '2020-03-10 04:28:50'),
(1819, 50, 'down', '2020-03-10 04:28:50', '2020-03-10 04:28:50'),
(1820, 51, 'down', '2020-03-10 04:28:51', '2020-03-10 04:28:51'),
(1821, 52, 'down', '2020-03-10 04:28:51', '2020-03-10 04:28:51'),
(1822, 53, 'down', '2020-03-10 04:28:52', '2020-03-10 04:28:52'),
(1823, 54, 'down', '2020-03-10 04:28:52', '2020-03-10 04:28:52'),
(1824, 55, 'down', '2020-03-10 04:28:53', '2020-03-10 04:28:53'),
(1825, 56, 'down', '2020-03-10 04:28:53', '2020-03-10 04:28:53'),
(1826, 57, 'down', '2020-03-10 04:28:54', '2020-03-10 04:28:54'),
(1827, 58, 'down', '2020-03-10 04:28:54', '2020-03-10 04:28:54'),
(1828, 59, 'down', '2020-03-10 04:28:55', '2020-03-10 04:28:55'),
(1829, 60, 'down', '2020-03-10 04:28:55', '2020-03-10 04:28:55'),
(1830, 61, 'down', '2020-03-10 04:28:56', '2020-03-10 04:28:56'),
(1831, 62, 'down', '2020-03-10 04:28:56', '2020-03-10 04:28:56'),
(1832, 63, 'down', '2020-03-10 04:28:57', '2020-03-10 04:28:57'),
(1833, 64, 'down', '2020-03-10 04:28:57', '2020-03-10 04:28:57'),
(1834, 65, 'down', '2020-03-10 04:28:58', '2020-03-10 04:28:58'),
(1835, 66, 'down', '2020-03-10 04:28:58', '2020-03-10 04:28:58'),
(1836, 67, 'down', '2020-03-10 04:28:59', '2020-03-10 04:28:59'),
(1837, 68, 'down', '2020-03-10 04:28:59', '2020-03-10 04:28:59'),
(1838, 69, 'down', '2020-03-10 04:29:00', '2020-03-10 04:29:00'),
(1839, 70, 'down', '2020-03-10 04:29:00', '2020-03-10 04:29:00'),
(1840, 71, 'down', '2020-03-10 04:29:01', '2020-03-10 04:29:01'),
(1841, 72, 'down', '2020-03-10 04:29:01', '2020-03-10 04:29:01'),
(1842, 73, 'down', '2020-03-10 04:29:02', '2020-03-10 04:29:02'),
(1843, 74, 'down', '2020-03-10 04:29:02', '2020-03-10 04:29:02'),
(1844, 75, 'down', '2020-03-10 04:29:03', '2020-03-10 04:29:03'),
(1845, 76, 'down', '2020-03-10 04:29:03', '2020-03-10 04:29:03'),
(1846, 77, 'down', '2020-03-10 04:29:04', '2020-03-10 04:29:04'),
(1847, 78, 'down', '2020-03-10 04:29:04', '2020-03-10 04:29:04'),
(1848, 79, 'down', '2020-03-10 04:29:05', '2020-03-10 04:29:05'),
(1849, 80, 'down', '2020-03-10 04:29:05', '2020-03-10 04:29:05'),
(1850, 81, 'down', '2020-03-10 04:29:06', '2020-03-10 04:29:06'),
(1851, 82, 'down', '2020-03-10 04:29:06', '2020-03-10 04:29:06'),
(1852, 83, 'down', '2020-03-10 04:29:07', '2020-03-10 04:29:07'),
(1853, 84, 'down', '2020-03-10 04:29:07', '2020-03-10 04:29:07'),
(1854, 85, 'down', '2020-03-10 04:29:08', '2020-03-10 04:29:08'),
(1855, 86, 'down', '2020-03-10 04:29:08', '2020-03-10 04:29:08'),
(1856, 87, 'down', '2020-03-10 04:29:09', '2020-03-10 04:29:09'),
(1857, 88, 'down', '2020-03-10 04:29:09', '2020-03-10 04:29:09'),
(1858, 89, 'down', '2020-03-10 04:29:10', '2020-03-10 04:29:10'),
(1859, 90, 'down', '2020-03-10 04:29:10', '2020-03-10 04:29:10'),
(1860, 91, 'down', '2020-03-10 04:29:11', '2020-03-10 04:29:11'),
(1861, 92, 'down', '2020-03-10 04:29:11', '2020-03-10 04:29:11'),
(1862, 93, 'down', '2020-03-10 04:29:12', '2020-03-10 04:29:12'),
(1863, 94, 'down', '2020-03-10 04:29:12', '2020-03-10 04:29:12'),
(1864, 95, 'down', '2020-03-10 04:29:13', '2020-03-10 04:29:13'),
(1865, 96, 'down', '2020-03-10 04:29:13', '2020-03-10 04:29:13'),
(1866, 97, 'down', '2020-03-10 04:29:14', '2020-03-10 04:29:14'),
(1867, 98, 'down', '2020-03-10 04:29:14', '2020-03-10 04:29:14'),
(1868, 99, 'down', '2020-03-10 04:29:15', '2020-03-10 04:29:15'),
(1869, 100, 'down', '2020-03-10 04:29:15', '2020-03-10 04:29:15'),
(1870, 101, 'down', '2020-03-10 04:29:16', '2020-03-10 04:29:16'),
(1871, 102, 'down', '2020-03-10 04:29:16', '2020-03-10 04:29:16'),
(1872, 103, 'down', '2020-03-10 04:29:17', '2020-03-10 04:29:17'),
(1873, 104, 'down', '2020-03-10 04:29:17', '2020-03-10 04:29:17'),
(1874, 105, 'down', '2020-03-10 04:29:18', '2020-03-10 04:29:18'),
(1875, 106, 'down', '2020-03-10 04:29:18', '2020-03-10 04:29:18'),
(1876, 107, 'down', '2020-03-10 04:29:19', '2020-03-10 04:29:19'),
(1877, 108, 'down', '2020-03-10 04:29:19', '2020-03-10 04:29:19'),
(1878, 109, 'down', '2020-03-10 04:29:20', '2020-03-10 04:29:20'),
(1879, 110, 'down', '2020-03-10 04:29:20', '2020-03-10 04:29:20'),
(1880, 111, 'down', '2020-03-10 04:29:21', '2020-03-10 04:29:21'),
(1881, 112, 'down', '2020-03-10 04:29:21', '2020-03-10 04:29:21'),
(1882, 113, 'down', '2020-03-10 04:29:22', '2020-03-10 04:29:22'),
(1883, 114, 'down', '2020-03-10 04:29:22', '2020-03-10 04:29:22'),
(1884, 115, 'down', '2020-03-10 04:29:23', '2020-03-10 04:29:23'),
(1885, 116, 'down', '2020-03-10 04:29:23', '2020-03-10 04:29:23'),
(1886, 117, 'down', '2020-03-10 04:29:24', '2020-03-10 04:29:24'),
(1887, 118, 'down', '2020-03-10 04:29:24', '2020-03-10 04:29:24'),
(1888, 119, 'down', '2020-03-10 04:29:25', '2020-03-10 04:29:25'),
(1889, 120, 'down', '2020-03-10 04:29:25', '2020-03-10 04:29:25'),
(1890, 121, 'down', '2020-03-10 04:29:26', '2020-03-10 04:29:26'),
(1891, 122, 'down', '2020-03-10 04:29:26', '2020-03-10 04:29:26'),
(1892, 123, 'down', '2020-03-10 04:29:27', '2020-03-10 04:29:27'),
(1893, 124, 'down', '2020-03-10 04:29:27', '2020-03-10 04:29:27'),
(1894, 125, 'down', '2020-03-10 04:29:28', '2020-03-10 04:29:28'),
(1895, 126, 'down', '2020-03-10 04:29:28', '2020-03-10 04:29:28'),
(1896, 127, 'down', '2020-03-10 04:29:29', '2020-03-10 04:29:29'),
(1897, 128, 'down', '2020-03-10 04:29:29', '2020-03-10 04:29:29'),
(1898, 129, 'down', '2020-03-10 04:29:30', '2020-03-10 04:29:30'),
(1899, 130, 'down', '2020-03-10 04:29:30', '2020-03-10 04:29:30'),
(1900, 131, 'down', '2020-03-10 04:29:31', '2020-03-10 04:29:31'),
(1901, 132, 'down', '2020-03-10 04:29:31', '2020-03-10 04:29:31'),
(1902, 133, 'down', '2020-03-10 04:29:32', '2020-03-10 04:29:32'),
(1903, 134, 'down', '2020-03-10 04:29:32', '2020-03-10 04:29:32'),
(1904, 135, 'down', '2020-03-10 04:29:33', '2020-03-10 04:29:33'),
(1905, 136, 'down', '2020-03-10 04:29:33', '2020-03-10 04:29:33'),
(1906, 137, 'down', '2020-03-10 04:29:34', '2020-03-10 04:29:34'),
(1907, 138, 'down', '2020-03-10 04:29:34', '2020-03-10 04:29:34'),
(1908, 139, 'down', '2020-03-10 04:29:35', '2020-03-10 04:29:35'),
(1909, 140, 'down', '2020-03-10 04:29:35', '2020-03-10 04:29:35'),
(1910, 141, 'down', '2020-03-10 04:29:36', '2020-03-10 04:29:36'),
(1911, 142, 'down', '2020-03-10 04:29:36', '2020-03-10 04:29:36'),
(1912, 143, 'down', '2020-03-10 04:29:37', '2020-03-10 04:29:37'),
(1913, 144, 'down', '2020-03-10 04:29:37', '2020-03-10 04:29:37'),
(1914, 145, 'down', '2020-03-10 04:29:38', '2020-03-10 04:29:38'),
(1915, 146, 'down', '2020-03-10 04:29:38', '2020-03-10 04:29:38'),
(1916, 147, 'down', '2020-03-10 04:29:39', '2020-03-10 04:29:39'),
(1917, 148, 'down', '2020-03-10 04:29:39', '2020-03-10 04:29:39'),
(1918, 149, 'down', '2020-03-10 04:29:40', '2020-03-10 04:29:40'),
(1919, 150, 'down', '2020-03-10 04:29:40', '2020-03-10 04:29:40'),
(1920, 151, 'down', '2020-03-10 04:29:41', '2020-03-10 04:29:41'),
(1921, 152, 'down', '2020-03-10 04:29:41', '2020-03-10 04:29:41'),
(1922, 153, 'down', '2020-03-10 04:29:42', '2020-03-10 04:29:42'),
(1923, 154, 'down', '2020-03-10 04:29:42', '2020-03-10 04:29:42'),
(1924, 155, 'down', '2020-03-10 04:29:43', '2020-03-10 04:29:43'),
(1925, 156, 'down', '2020-03-10 04:29:43', '2020-03-10 04:29:43'),
(1926, 157, 'down', '2020-03-10 04:29:44', '2020-03-10 04:29:44'),
(1927, 158, 'down', '2020-03-10 04:29:44', '2020-03-10 04:29:44'),
(1928, 159, 'down', '2020-03-10 04:29:45', '2020-03-10 04:29:45'),
(1929, 160, 'down', '2020-03-10 04:29:45', '2020-03-10 04:29:45'),
(1930, 161, 'down', '2020-03-10 04:29:46', '2020-03-10 04:29:46'),
(1931, 162, 'down', '2020-03-10 04:29:46', '2020-03-10 04:29:46'),
(1932, 163, 'down', '2020-03-10 04:29:47', '2020-03-10 04:29:47'),
(1933, 164, 'down', '2020-03-10 04:29:47', '2020-03-10 04:29:47'),
(1934, 165, 'down', '2020-03-10 04:29:48', '2020-03-10 04:29:48'),
(1935, 166, 'down', '2020-03-10 04:29:48', '2020-03-10 04:29:48'),
(1936, 167, 'down', '2020-03-10 04:29:49', '2020-03-10 04:29:49'),
(1937, 168, 'down', '2020-03-10 04:29:49', '2020-03-10 04:29:49'),
(1938, 169, 'down', '2020-03-10 04:29:50', '2020-03-10 04:29:50'),
(1939, 170, 'down', '2020-03-10 04:29:50', '2020-03-10 04:29:50'),
(1940, 171, 'down', '2020-03-10 04:29:51', '2020-03-10 04:29:51'),
(1941, 172, 'down', '2020-03-10 04:29:51', '2020-03-10 04:29:51'),
(1942, 173, 'down', '2020-03-10 04:29:52', '2020-03-10 04:29:52'),
(1943, 174, 'down', '2020-03-10 04:29:52', '2020-03-10 04:29:52'),
(1944, 175, 'down', '2020-03-10 04:29:53', '2020-03-10 04:29:53'),
(1945, 176, 'down', '2020-03-10 04:29:53', '2020-03-10 04:29:53'),
(1946, 177, 'down', '2020-03-10 04:29:54', '2020-03-10 04:29:54'),
(1947, 178, 'down', '2020-03-10 04:29:54', '2020-03-10 04:29:54'),
(1948, 188, 'down', '2020-03-10 04:29:55', '2020-03-10 04:29:55'),
(1949, 189, 'down', '2020-03-10 04:29:55', '2020-03-10 04:29:55'),
(1950, 190, 'down', '2020-03-10 04:29:56', '2020-03-10 04:29:56'),
(1951, 191, 'down', '2020-03-10 04:29:56', '2020-03-10 04:29:56'),
(1952, 192, 'down', '2020-03-10 04:29:57', '2020-03-10 04:29:57'),
(1953, 193, 'down', '2020-03-10 04:29:57', '2020-03-10 04:29:57'),
(1954, 194, 'down', '2020-03-10 04:29:58', '2020-03-10 04:29:58'),
(1955, 195, 'down', '2020-03-10 04:29:58', '2020-03-10 04:29:58'),
(1956, 196, 'down', '2020-03-10 04:29:59', '2020-03-10 04:29:59'),
(1957, 197, 'down', '2020-03-10 04:29:59', '2020-03-10 04:29:59'),
(1958, 198, 'down', '2020-03-10 04:30:00', '2020-03-10 04:30:00'),
(1959, 199, 'down', '2020-03-10 04:30:00', '2020-03-10 04:30:00'),
(1960, 200, 'down', '2020-03-10 04:30:01', '2020-03-10 04:30:01'),
(1961, 201, 'down', '2020-03-10 04:30:01', '2020-03-10 04:30:01'),
(1962, 202, 'down', '2020-03-10 04:30:02', '2020-03-10 04:30:02'),
(1963, 203, 'down', '2020-03-10 04:30:02', '2020-03-10 04:30:02'),
(1964, 204, 'down', '2020-03-10 04:30:03', '2020-03-10 04:30:03'),
(1965, 205, 'down', '2020-03-10 04:30:03', '2020-03-10 04:30:03'),
(1966, 206, 'down', '2020-03-10 04:30:04', '2020-03-10 04:30:04'),
(1967, 207, 'down', '2020-03-10 04:30:04', '2020-03-10 04:30:04'),
(1968, 208, 'down', '2020-03-10 04:30:05', '2020-03-10 04:30:05'),
(1969, 209, 'down', '2020-03-10 04:30:05', '2020-03-10 04:30:05'),
(1970, 210, 'down', '2020-03-10 04:30:06', '2020-03-10 04:30:06'),
(1971, 211, 'down', '2020-03-10 04:30:06', '2020-03-10 04:30:06'),
(1972, 219, 'down', '2020-03-10 04:30:07', '2020-03-10 04:30:07'),
(1973, 220, 'down', '2020-03-10 04:30:07', '2020-03-10 04:30:07'),
(1974, 221, 'down', '2020-03-10 04:30:08', '2020-03-10 04:30:08'),
(1975, 222, 'down', '2020-03-10 04:30:08', '2020-03-10 04:30:08'),
(1976, 223, 'down', '2020-03-10 04:30:09', '2020-03-10 04:30:09'),
(1977, 224, 'down', '2020-03-10 04:30:09', '2020-03-10 04:30:09'),
(1978, 225, 'down', '2020-03-10 04:30:10', '2020-03-10 04:30:10'),
(1979, 226, 'down', '2020-03-10 04:30:10', '2020-03-10 04:30:10'),
(1980, 227, 'down', '2020-03-10 04:30:11', '2020-03-10 04:30:11'),
(1981, 228, 'down', '2020-03-10 04:30:11', '2020-03-10 04:30:11'),
(1982, 229, 'down', '2020-03-10 04:30:12', '2020-03-10 04:30:12'),
(1983, 230, 'down', '2020-03-10 04:30:12', '2020-03-10 04:30:12'),
(1984, 231, 'down', '2020-03-10 04:30:13', '2020-03-10 04:30:13'),
(1985, 232, 'down', '2020-03-10 04:30:13', '2020-03-10 04:30:13'),
(1986, 233, 'down', '2020-03-10 04:30:14', '2020-03-10 04:30:14'),
(1987, 234, 'down', '2020-03-10 04:30:14', '2020-03-10 04:30:14'),
(1988, 235, 'down', '2020-03-10 04:30:15', '2020-03-10 04:30:15'),
(1989, 236, 'down', '2020-03-10 04:30:15', '2020-03-10 04:30:15'),
(1990, 237, 'down', '2020-03-10 04:30:16', '2020-03-10 04:30:16'),
(1991, 1, 'down', '2020-03-10 07:32:56', '2020-03-10 07:32:56'),
(1992, 2, 'down', '2020-03-10 07:32:57', '2020-03-10 07:32:57'),
(1993, 3, 'down', '2020-03-10 07:32:57', '2020-03-10 07:32:57'),
(1994, 4, 'down', '2020-03-10 07:32:58', '2020-03-10 07:32:58'),
(1995, 5, 'down', '2020-03-10 07:32:58', '2020-03-10 07:32:58'),
(1996, 6, 'down', '2020-03-10 07:32:59', '2020-03-10 07:32:59'),
(1997, 7, 'down', '2020-03-10 07:32:59', '2020-03-10 07:32:59'),
(1998, 8, 'down', '2020-03-10 07:33:00', '2020-03-10 07:33:00'),
(1999, 9, 'down', '2020-03-10 07:33:00', '2020-03-10 07:33:00'),
(2000, 10, 'down', '2020-03-10 07:33:01', '2020-03-10 07:33:01'),
(2001, 11, 'down', '2020-03-10 07:33:01', '2020-03-10 07:33:01'),
(2002, 12, 'down', '2020-03-10 07:33:02', '2020-03-10 07:33:02'),
(2003, 13, 'down', '2020-03-10 07:33:02', '2020-03-10 07:33:02'),
(2004, 14, 'down', '2020-03-10 07:33:03', '2020-03-10 07:33:03'),
(2005, 15, 'down', '2020-03-10 07:33:03', '2020-03-10 07:33:03'),
(2006, 16, 'down', '2020-03-10 07:33:04', '2020-03-10 07:33:04'),
(2007, 17, 'down', '2020-03-10 07:33:04', '2020-03-10 07:33:04'),
(2008, 18, 'down', '2020-03-10 07:33:05', '2020-03-10 07:33:05'),
(2009, 19, 'down', '2020-03-10 07:33:05', '2020-03-10 07:33:05'),
(2010, 20, 'down', '2020-03-10 07:33:06', '2020-03-10 07:33:06'),
(2011, 21, 'down', '2020-03-10 07:33:06', '2020-03-10 07:33:06'),
(2012, 22, 'down', '2020-03-10 07:33:07', '2020-03-10 07:33:07'),
(2013, 23, 'down', '2020-03-10 07:33:07', '2020-03-10 07:33:07'),
(2014, 24, 'down', '2020-03-10 07:33:08', '2020-03-10 07:33:08'),
(2015, 25, 'down', '2020-03-10 07:33:08', '2020-03-10 07:33:08'),
(2016, 26, 'down', '2020-03-10 07:33:09', '2020-03-10 07:33:09'),
(2017, 27, 'down', '2020-03-10 07:33:09', '2020-03-10 07:33:09'),
(2018, 28, 'down', '2020-03-10 07:33:10', '2020-03-10 07:33:10'),
(2019, 29, 'down', '2020-03-10 07:33:10', '2020-03-10 07:33:10'),
(2020, 30, 'down', '2020-03-10 07:33:11', '2020-03-10 07:33:11'),
(2021, 31, 'down', '2020-03-10 07:33:11', '2020-03-10 07:33:11'),
(2022, 32, 'down', '2020-03-10 07:33:12', '2020-03-10 07:33:12'),
(2023, 33, 'down', '2020-03-10 07:33:12', '2020-03-10 07:33:12'),
(2024, 34, 'down', '2020-03-10 07:33:13', '2020-03-10 07:33:13'),
(2025, 35, 'down', '2020-03-10 07:33:13', '2020-03-10 07:33:13'),
(2026, 36, 'down', '2020-03-10 07:33:14', '2020-03-10 07:33:14'),
(2027, 37, 'down', '2020-03-10 07:33:14', '2020-03-10 07:33:14'),
(2028, 38, 'down', '2020-03-10 07:33:15', '2020-03-10 07:33:15'),
(2029, 39, 'down', '2020-03-10 07:33:15', '2020-03-10 07:33:15'),
(2030, 40, 'down', '2020-03-10 07:33:16', '2020-03-10 07:33:16'),
(2031, 41, 'down', '2020-03-10 07:33:16', '2020-03-10 07:33:16'),
(2032, 42, 'down', '2020-03-10 07:33:17', '2020-03-10 07:33:17'),
(2033, 43, 'down', '2020-03-10 07:33:17', '2020-03-10 07:33:17'),
(2034, 44, 'down', '2020-03-10 07:33:18', '2020-03-10 07:33:18'),
(2035, 45, 'down', '2020-03-10 07:33:18', '2020-03-10 07:33:18'),
(2036, 46, 'down', '2020-03-10 07:33:19', '2020-03-10 07:33:19'),
(2037, 47, 'down', '2020-03-10 07:33:19', '2020-03-10 07:33:19'),
(2038, 48, 'down', '2020-03-10 07:33:20', '2020-03-10 07:33:20'),
(2039, 49, 'down', '2020-03-10 07:33:20', '2020-03-10 07:33:20'),
(2040, 50, 'down', '2020-03-10 07:33:21', '2020-03-10 07:33:21'),
(2041, 51, 'down', '2020-03-10 07:33:21', '2020-03-10 07:33:21'),
(2042, 52, 'down', '2020-03-10 07:33:22', '2020-03-10 07:33:22'),
(2043, 53, 'down', '2020-03-10 07:33:22', '2020-03-10 07:33:22'),
(2044, 54, 'down', '2020-03-10 07:33:23', '2020-03-10 07:33:23'),
(2045, 55, 'down', '2020-03-10 07:33:23', '2020-03-10 07:33:23'),
(2046, 56, 'down', '2020-03-10 07:33:24', '2020-03-10 07:33:24'),
(2047, 57, 'down', '2020-03-10 07:33:24', '2020-03-10 07:33:24'),
(2048, 58, 'down', '2020-03-10 07:33:25', '2020-03-10 07:33:25'),
(2049, 59, 'down', '2020-03-10 07:33:25', '2020-03-10 07:33:25'),
(2050, 60, 'down', '2020-03-10 07:33:26', '2020-03-10 07:33:26'),
(2051, 61, 'down', '2020-03-10 07:33:26', '2020-03-10 07:33:26'),
(2052, 62, 'down', '2020-03-10 07:33:27', '2020-03-10 07:33:27'),
(2053, 63, 'down', '2020-03-10 07:33:27', '2020-03-10 07:33:27'),
(2054, 64, 'down', '2020-03-10 07:33:28', '2020-03-10 07:33:28'),
(2055, 65, 'down', '2020-03-10 07:33:28', '2020-03-10 07:33:28'),
(2056, 66, 'down', '2020-03-10 07:33:29', '2020-03-10 07:33:29'),
(2057, 67, 'down', '2020-03-10 07:33:29', '2020-03-10 07:33:29'),
(2058, 68, 'down', '2020-03-10 07:33:30', '2020-03-10 07:33:30'),
(2059, 69, 'down', '2020-03-10 07:33:30', '2020-03-10 07:33:30'),
(2060, 70, 'down', '2020-03-10 07:33:31', '2020-03-10 07:33:31'),
(2061, 71, 'down', '2020-03-10 07:33:31', '2020-03-10 07:33:31'),
(2062, 72, 'down', '2020-03-10 07:33:32', '2020-03-10 07:33:32'),
(2063, 73, 'down', '2020-03-10 07:33:32', '2020-03-10 07:33:32'),
(2064, 74, 'down', '2020-03-10 07:33:33', '2020-03-10 07:33:33'),
(2065, 75, 'down', '2020-03-10 07:33:33', '2020-03-10 07:33:33'),
(2066, 76, 'down', '2020-03-10 07:33:34', '2020-03-10 07:33:34'),
(2067, 77, 'down', '2020-03-10 07:33:34', '2020-03-10 07:33:34'),
(2068, 78, 'down', '2020-03-10 07:33:35', '2020-03-10 07:33:35'),
(2069, 79, 'down', '2020-03-10 07:33:35', '2020-03-10 07:33:35'),
(2070, 80, 'down', '2020-03-10 07:33:36', '2020-03-10 07:33:36'),
(2071, 81, 'down', '2020-03-10 07:33:36', '2020-03-10 07:33:36'),
(2072, 82, 'down', '2020-03-10 07:33:37', '2020-03-10 07:33:37'),
(2073, 83, 'down', '2020-03-10 07:33:37', '2020-03-10 07:33:37'),
(2074, 84, 'down', '2020-03-10 07:33:38', '2020-03-10 07:33:38'),
(2075, 85, 'down', '2020-03-10 07:33:38', '2020-03-10 07:33:38'),
(2076, 86, 'down', '2020-03-10 07:33:39', '2020-03-10 07:33:39'),
(2077, 87, 'down', '2020-03-10 07:33:39', '2020-03-10 07:33:39'),
(2078, 88, 'down', '2020-03-10 07:33:40', '2020-03-10 07:33:40'),
(2079, 89, 'down', '2020-03-10 07:33:40', '2020-03-10 07:33:40'),
(2080, 90, 'down', '2020-03-10 07:33:41', '2020-03-10 07:33:41'),
(2081, 91, 'down', '2020-03-10 07:33:41', '2020-03-10 07:33:41'),
(2082, 92, 'down', '2020-03-10 07:33:42', '2020-03-10 07:33:42'),
(2083, 93, 'down', '2020-03-10 07:33:42', '2020-03-10 07:33:42'),
(2084, 94, 'down', '2020-03-10 07:33:43', '2020-03-10 07:33:43'),
(2085, 95, 'down', '2020-03-10 07:33:43', '2020-03-10 07:33:43'),
(2086, 96, 'down', '2020-03-10 07:33:44', '2020-03-10 07:33:44'),
(2087, 97, 'down', '2020-03-10 07:33:44', '2020-03-10 07:33:44'),
(2088, 98, 'down', '2020-03-10 07:33:45', '2020-03-10 07:33:45'),
(2089, 99, 'down', '2020-03-10 07:33:45', '2020-03-10 07:33:45'),
(2090, 100, 'down', '2020-03-10 07:33:46', '2020-03-10 07:33:46'),
(2091, 101, 'down', '2020-03-10 07:33:46', '2020-03-10 07:33:46'),
(2092, 102, 'down', '2020-03-10 07:33:47', '2020-03-10 07:33:47'),
(2093, 103, 'down', '2020-03-10 07:33:47', '2020-03-10 07:33:47'),
(2094, 104, 'down', '2020-03-10 07:33:48', '2020-03-10 07:33:48'),
(2095, 105, 'down', '2020-03-10 07:33:48', '2020-03-10 07:33:48'),
(2096, 106, 'down', '2020-03-10 07:33:49', '2020-03-10 07:33:49'),
(2097, 107, 'down', '2020-03-10 07:33:49', '2020-03-10 07:33:49'),
(2098, 108, 'down', '2020-03-10 07:33:50', '2020-03-10 07:33:50'),
(2099, 109, 'down', '2020-03-10 07:33:50', '2020-03-10 07:33:50'),
(2100, 110, 'down', '2020-03-10 07:33:51', '2020-03-10 07:33:51'),
(2101, 111, 'down', '2020-03-10 07:33:51', '2020-03-10 07:33:51'),
(2102, 112, 'down', '2020-03-10 07:33:52', '2020-03-10 07:33:52'),
(2103, 113, 'down', '2020-03-10 07:33:52', '2020-03-10 07:33:52'),
(2104, 114, 'down', '2020-03-10 07:33:53', '2020-03-10 07:33:53'),
(2105, 115, 'down', '2020-03-10 07:33:53', '2020-03-10 07:33:53'),
(2106, 116, 'down', '2020-03-10 07:33:54', '2020-03-10 07:33:54'),
(2107, 117, 'down', '2020-03-10 07:33:54', '2020-03-10 07:33:54'),
(2108, 118, 'down', '2020-03-10 07:33:55', '2020-03-10 07:33:55'),
(2109, 119, 'down', '2020-03-10 07:33:55', '2020-03-10 07:33:55'),
(2110, 120, 'down', '2020-03-10 07:33:56', '2020-03-10 07:33:56'),
(2111, 121, 'down', '2020-03-10 07:33:56', '2020-03-10 07:33:56'),
(2112, 122, 'down', '2020-03-10 07:33:57', '2020-03-10 07:33:57'),
(2113, 123, 'down', '2020-03-10 07:33:57', '2020-03-10 07:33:57'),
(2114, 124, 'down', '2020-03-10 07:33:58', '2020-03-10 07:33:58'),
(2115, 125, 'down', '2020-03-10 07:33:58', '2020-03-10 07:33:58'),
(2116, 126, 'down', '2020-03-10 07:33:59', '2020-03-10 07:33:59'),
(2117, 127, 'down', '2020-03-10 07:33:59', '2020-03-10 07:33:59'),
(2118, 128, 'down', '2020-03-10 07:34:00', '2020-03-10 07:34:00'),
(2119, 129, 'down', '2020-03-10 07:34:00', '2020-03-10 07:34:00'),
(2120, 130, 'down', '2020-03-10 07:34:01', '2020-03-10 07:34:01'),
(2121, 131, 'down', '2020-03-10 07:34:01', '2020-03-10 07:34:01'),
(2122, 132, 'down', '2020-03-10 07:34:02', '2020-03-10 07:34:02'),
(2123, 133, 'down', '2020-03-10 07:34:02', '2020-03-10 07:34:02'),
(2124, 134, 'down', '2020-03-10 07:34:03', '2020-03-10 07:34:03'),
(2125, 135, 'down', '2020-03-10 07:34:03', '2020-03-10 07:34:03'),
(2126, 136, 'down', '2020-03-10 07:34:04', '2020-03-10 07:34:04'),
(2127, 137, 'down', '2020-03-10 07:34:04', '2020-03-10 07:34:04'),
(2128, 138, 'down', '2020-03-10 07:34:05', '2020-03-10 07:34:05'),
(2129, 139, 'down', '2020-03-10 07:34:05', '2020-03-10 07:34:05'),
(2130, 140, 'down', '2020-03-10 07:34:06', '2020-03-10 07:34:06'),
(2131, 141, 'down', '2020-03-10 07:34:06', '2020-03-10 07:34:06'),
(2132, 142, 'down', '2020-03-10 07:34:07', '2020-03-10 07:34:07'),
(2133, 143, 'down', '2020-03-10 07:34:07', '2020-03-10 07:34:07'),
(2134, 144, 'down', '2020-03-10 07:34:08', '2020-03-10 07:34:08'),
(2135, 145, 'down', '2020-03-10 07:34:08', '2020-03-10 07:34:08'),
(2136, 146, 'down', '2020-03-10 07:34:09', '2020-03-10 07:34:09'),
(2137, 147, 'down', '2020-03-10 07:34:09', '2020-03-10 07:34:09'),
(2138, 148, 'down', '2020-03-10 07:34:10', '2020-03-10 07:34:10'),
(2139, 149, 'down', '2020-03-10 07:34:10', '2020-03-10 07:34:10'),
(2140, 150, 'down', '2020-03-10 07:34:11', '2020-03-10 07:34:11'),
(2141, 151, 'down', '2020-03-10 07:34:11', '2020-03-10 07:34:11'),
(2142, 152, 'down', '2020-03-10 07:34:12', '2020-03-10 07:34:12'),
(2143, 153, 'down', '2020-03-10 07:34:12', '2020-03-10 07:34:12'),
(2144, 154, 'down', '2020-03-10 07:34:13', '2020-03-10 07:34:13'),
(2145, 155, 'down', '2020-03-10 07:34:13', '2020-03-10 07:34:13'),
(2146, 156, 'down', '2020-03-10 07:34:14', '2020-03-10 07:34:14'),
(2147, 157, 'down', '2020-03-10 07:34:14', '2020-03-10 07:34:14'),
(2148, 158, 'down', '2020-03-10 07:34:15', '2020-03-10 07:34:15'),
(2149, 159, 'down', '2020-03-10 07:34:15', '2020-03-10 07:34:15'),
(2150, 160, 'down', '2020-03-10 07:34:16', '2020-03-10 07:34:16'),
(2151, 161, 'down', '2020-03-10 07:34:16', '2020-03-10 07:34:16'),
(2152, 162, 'down', '2020-03-10 07:34:17', '2020-03-10 07:34:17'),
(2153, 163, 'down', '2020-03-10 07:34:17', '2020-03-10 07:34:17'),
(2154, 164, 'down', '2020-03-10 07:34:18', '2020-03-10 07:34:18'),
(2155, 165, 'down', '2020-03-10 07:34:18', '2020-03-10 07:34:18'),
(2156, 166, 'down', '2020-03-10 07:34:19', '2020-03-10 07:34:19'),
(2157, 167, 'down', '2020-03-10 07:34:19', '2020-03-10 07:34:19'),
(2158, 168, 'down', '2020-03-10 07:34:20', '2020-03-10 07:34:20'),
(2159, 169, 'down', '2020-03-10 07:34:20', '2020-03-10 07:34:20'),
(2160, 170, 'down', '2020-03-10 07:34:21', '2020-03-10 07:34:21'),
(2161, 171, 'down', '2020-03-10 07:34:21', '2020-03-10 07:34:21'),
(2162, 172, 'down', '2020-03-10 07:34:22', '2020-03-10 07:34:22'),
(2163, 173, 'down', '2020-03-10 07:34:22', '2020-03-10 07:34:22'),
(2164, 174, 'down', '2020-03-10 07:34:23', '2020-03-10 07:34:23'),
(2165, 175, 'down', '2020-03-10 07:34:23', '2020-03-10 07:34:23'),
(2166, 176, 'down', '2020-03-10 07:34:24', '2020-03-10 07:34:24'),
(2167, 177, 'down', '2020-03-10 07:34:24', '2020-03-10 07:34:24'),
(2168, 178, 'down', '2020-03-10 07:34:25', '2020-03-10 07:34:25'),
(2169, 188, 'down', '2020-03-10 07:34:25', '2020-03-10 07:34:25'),
(2170, 189, 'down', '2020-03-10 07:34:26', '2020-03-10 07:34:26'),
(2171, 190, 'down', '2020-03-10 07:34:26', '2020-03-10 07:34:26'),
(2172, 191, 'down', '2020-03-10 07:34:27', '2020-03-10 07:34:27'),
(2173, 192, 'down', '2020-03-10 07:34:27', '2020-03-10 07:34:27'),
(2174, 193, 'down', '2020-03-10 07:34:28', '2020-03-10 07:34:28'),
(2175, 194, 'down', '2020-03-10 07:34:28', '2020-03-10 07:34:28'),
(2176, 195, 'down', '2020-03-10 07:34:29', '2020-03-10 07:34:29'),
(2177, 196, 'down', '2020-03-10 07:34:29', '2020-03-10 07:34:29'),
(2178, 197, 'down', '2020-03-10 07:34:30', '2020-03-10 07:34:30'),
(2179, 198, 'down', '2020-03-10 07:34:30', '2020-03-10 07:34:30'),
(2180, 199, 'down', '2020-03-10 07:34:31', '2020-03-10 07:34:31'),
(2181, 200, 'down', '2020-03-10 07:34:31', '2020-03-10 07:34:31'),
(2182, 201, 'down', '2020-03-10 07:34:32', '2020-03-10 07:34:32'),
(2183, 202, 'down', '2020-03-10 07:34:32', '2020-03-10 07:34:32'),
(2184, 203, 'down', '2020-03-10 07:34:33', '2020-03-10 07:34:33'),
(2185, 204, 'down', '2020-03-10 07:34:33', '2020-03-10 07:34:33'),
(2186, 205, 'down', '2020-03-10 07:34:34', '2020-03-10 07:34:34'),
(2187, 206, 'down', '2020-03-10 07:34:34', '2020-03-10 07:34:34'),
(2188, 207, 'down', '2020-03-10 07:34:35', '2020-03-10 07:34:35'),
(2189, 208, 'down', '2020-03-10 07:34:35', '2020-03-10 07:34:35'),
(2190, 209, 'down', '2020-03-10 07:34:36', '2020-03-10 07:34:36'),
(2191, 210, 'down', '2020-03-10 07:34:36', '2020-03-10 07:34:36'),
(2192, 211, 'down', '2020-03-10 07:34:37', '2020-03-10 07:34:37'),
(2193, 219, 'down', '2020-03-10 07:34:37', '2020-03-10 07:34:37'),
(2194, 220, 'down', '2020-03-10 07:34:38', '2020-03-10 07:34:38'),
(2195, 221, 'down', '2020-03-10 07:34:38', '2020-03-10 07:34:38'),
(2196, 222, 'down', '2020-03-10 07:34:39', '2020-03-10 07:34:39'),
(2197, 223, 'down', '2020-03-10 07:34:39', '2020-03-10 07:34:39'),
(2198, 224, 'down', '2020-03-10 07:34:40', '2020-03-10 07:34:40'),
(2199, 225, 'down', '2020-03-10 07:34:40', '2020-03-10 07:34:40'),
(2200, 226, 'down', '2020-03-10 07:34:41', '2020-03-10 07:34:41'),
(2201, 227, 'down', '2020-03-10 07:34:41', '2020-03-10 07:34:41'),
(2202, 228, 'down', '2020-03-10 07:34:42', '2020-03-10 07:34:42'),
(2203, 229, 'down', '2020-03-10 07:34:42', '2020-03-10 07:34:42'),
(2204, 230, 'down', '2020-03-10 07:34:43', '2020-03-10 07:34:43'),
(2205, 231, 'down', '2020-03-10 07:34:43', '2020-03-10 07:34:43'),
(2206, 232, 'down', '2020-03-10 07:34:44', '2020-03-10 07:34:44'),
(2207, 233, 'down', '2020-03-10 07:34:44', '2020-03-10 07:34:44'),
(2208, 234, 'down', '2020-03-10 07:34:45', '2020-03-10 07:34:45'),
(2209, 235, 'down', '2020-03-10 07:34:45', '2020-03-10 07:34:45'),
(2210, 236, 'down', '2020-03-10 07:34:46', '2020-03-10 07:34:46'),
(2211, 237, 'down', '2020-03-10 07:34:46', '2020-03-10 07:34:46'),
(2212, 1, 'down', '2020-04-07 06:54:05', '2020-04-07 06:54:05'),
(2213, 2, 'down', '2020-04-07 06:54:05', '2020-04-07 06:54:05'),
(2214, 3, 'up', '2020-04-07 06:54:05', '2020-04-07 06:54:05'),
(2215, 4, 'up', '2020-04-07 06:54:05', '2020-04-07 06:54:05'),
(2216, 5, 'up', '2020-04-07 06:54:05', '2020-04-07 06:54:05'),
(2217, 6, 'up', '2020-04-07 06:54:05', '2020-04-07 06:54:05'),
(2218, 7, 'up', '2020-04-07 06:54:05', '2020-04-07 06:54:05'),
(2219, 8, 'up', '2020-04-07 06:54:05', '2020-04-07 06:54:05'),
(2220, 9, 'up', '2020-04-07 06:54:06', '2020-04-07 06:54:06'),
(2221, 10, 'down', '2020-04-07 06:54:06', '2020-04-07 06:54:06'),
(2222, 11, 'up', '2020-04-07 06:54:06', '2020-04-07 06:54:06'),
(2223, 12, 'up', '2020-04-07 06:54:06', '2020-04-07 06:54:06'),
(2224, 13, 'up', '2020-04-07 06:54:06', '2020-04-07 06:54:06'),
(2225, 14, 'up', '2020-04-07 06:54:06', '2020-04-07 06:54:06'),
(2226, 15, 'up', '2020-04-07 06:54:06', '2020-04-07 06:54:06'),
(2227, 16, 'up', '2020-04-07 06:54:06', '2020-04-07 06:54:06'),
(2228, 17, 'up', '2020-04-07 06:54:06', '2020-04-07 06:54:06'),
(2229, 18, 'up', '2020-04-07 06:54:06', '2020-04-07 06:54:06'),
(2230, 19, 'up', '2020-04-07 06:54:06', '2020-04-07 06:54:06'),
(2231, 20, 'up', '2020-04-07 06:54:06', '2020-04-07 06:54:06'),
(2232, 21, 'up', '2020-04-07 06:54:06', '2020-04-07 06:54:06'),
(2233, 22, 'up', '2020-04-07 06:54:06', '2020-04-07 06:54:06'),
(2234, 23, 'up', '2020-04-07 06:54:06', '2020-04-07 06:54:06'),
(2235, 24, 'up', '2020-04-07 06:54:06', '2020-04-07 06:54:06'),
(2236, 25, 'up', '2020-04-07 06:54:06', '2020-04-07 06:54:06'),
(2237, 26, 'up', '2020-04-07 06:54:06', '2020-04-07 06:54:06'),
(2238, 27, 'up', '2020-04-07 06:54:06', '2020-04-07 06:54:06'),
(2239, 28, 'up', '2020-04-07 06:54:06', '2020-04-07 06:54:06'),
(2240, 29, 'up', '2020-04-07 06:54:06', '2020-04-07 06:54:06'),
(2241, 30, 'up', '2020-04-07 06:54:06', '2020-04-07 06:54:06'),
(2242, 31, 'up', '2020-04-07 06:54:06', '2020-04-07 06:54:06');
INSERT INTO `status_records` (`id`, `device_id`, `status`, `created_at`, `updated_at`) VALUES
(2243, 32, 'up', '2020-04-07 06:54:06', '2020-04-07 06:54:06'),
(2244, 33, 'up', '2020-04-07 06:54:06', '2020-04-07 06:54:06'),
(2245, 34, 'up', '2020-04-07 06:54:07', '2020-04-07 06:54:07'),
(2246, 35, 'up', '2020-04-07 06:54:07', '2020-04-07 06:54:07'),
(2247, 36, 'up', '2020-04-07 06:54:07', '2020-04-07 06:54:07'),
(2248, 37, 'up', '2020-04-07 06:54:07', '2020-04-07 06:54:07'),
(2249, 38, 'up', '2020-04-07 06:54:07', '2020-04-07 06:54:07'),
(2250, 39, 'up', '2020-04-07 06:54:07', '2020-04-07 06:54:07'),
(2251, 40, 'up', '2020-04-07 06:54:07', '2020-04-07 06:54:07'),
(2252, 41, 'up', '2020-04-07 06:54:07', '2020-04-07 06:54:07'),
(2253, 42, 'up', '2020-04-07 06:54:07', '2020-04-07 06:54:07'),
(2254, 43, 'up', '2020-04-07 06:54:07', '2020-04-07 06:54:07'),
(2255, 44, 'up', '2020-04-07 06:54:07', '2020-04-07 06:54:07'),
(2256, 45, 'up', '2020-04-07 06:54:07', '2020-04-07 06:54:07'),
(2257, 46, 'down', '2020-04-07 06:54:07', '2020-04-07 06:54:07'),
(2258, 47, 'up', '2020-04-07 06:54:07', '2020-04-07 06:54:07'),
(2259, 48, 'up', '2020-04-07 06:54:07', '2020-04-07 06:54:07'),
(2260, 49, 'up', '2020-04-07 06:54:07', '2020-04-07 06:54:07'),
(2261, 50, 'up', '2020-04-07 06:54:07', '2020-04-07 06:54:07'),
(2262, 51, 'up', '2020-04-07 06:54:07', '2020-04-07 06:54:07'),
(2263, 52, 'up', '2020-04-07 06:54:07', '2020-04-07 06:54:07'),
(2264, 53, 'up', '2020-04-07 06:54:07', '2020-04-07 06:54:07'),
(2265, 54, 'up', '2020-04-07 06:54:07', '2020-04-07 06:54:07'),
(2266, 55, 'up', '2020-04-07 06:54:07', '2020-04-07 06:54:07'),
(2267, 56, 'up', '2020-04-07 06:54:08', '2020-04-07 06:54:08'),
(2268, 57, 'up', '2020-04-07 06:54:08', '2020-04-07 06:54:08'),
(2269, 58, 'up', '2020-04-07 06:54:08', '2020-04-07 06:54:08'),
(2270, 59, 'up', '2020-04-07 06:54:08', '2020-04-07 06:54:08'),
(2271, 60, 'up', '2020-04-07 06:54:08', '2020-04-07 06:54:08'),
(2272, 61, 'up', '2020-04-07 06:54:08', '2020-04-07 06:54:08'),
(2273, 62, 'up', '2020-04-07 06:54:08', '2020-04-07 06:54:08'),
(2274, 63, 'up', '2020-04-07 06:54:08', '2020-04-07 06:54:08'),
(2275, 64, 'up', '2020-04-07 06:54:08', '2020-04-07 06:54:08'),
(2276, 65, 'up', '2020-04-07 06:54:08', '2020-04-07 06:54:08'),
(2277, 66, 'up', '2020-04-07 06:54:08', '2020-04-07 06:54:08'),
(2278, 67, 'up', '2020-04-07 06:54:08', '2020-04-07 06:54:08'),
(2279, 68, 'up', '2020-04-07 06:54:08', '2020-04-07 06:54:08'),
(2280, 69, 'up', '2020-04-07 06:54:08', '2020-04-07 06:54:08'),
(2281, 70, 'up', '2020-04-07 06:54:08', '2020-04-07 06:54:08'),
(2282, 71, 'up', '2020-04-07 06:54:08', '2020-04-07 06:54:08'),
(2283, 72, 'up', '2020-04-07 06:54:08', '2020-04-07 06:54:08'),
(2284, 73, 'up', '2020-04-07 06:54:08', '2020-04-07 06:54:08'),
(2285, 74, 'up', '2020-04-07 06:54:08', '2020-04-07 06:54:08'),
(2286, 75, 'up', '2020-04-07 06:54:08', '2020-04-07 06:54:08'),
(2287, 76, 'up', '2020-04-07 06:54:08', '2020-04-07 06:54:08'),
(2288, 77, 'up', '2020-04-07 06:54:08', '2020-04-07 06:54:08'),
(2289, 78, 'up', '2020-04-07 06:54:08', '2020-04-07 06:54:08'),
(2290, 79, 'up', '2020-04-07 06:54:09', '2020-04-07 06:54:09'),
(2291, 80, 'up', '2020-04-07 06:54:09', '2020-04-07 06:54:09'),
(2292, 81, 'up', '2020-04-07 06:54:09', '2020-04-07 06:54:09'),
(2293, 82, 'up', '2020-04-07 06:54:09', '2020-04-07 06:54:09'),
(2294, 83, 'up', '2020-04-07 06:54:09', '2020-04-07 06:54:09'),
(2295, 84, 'up', '2020-04-07 06:54:09', '2020-04-07 06:54:09'),
(2296, 85, 'up', '2020-04-07 06:54:09', '2020-04-07 06:54:09'),
(2297, 86, 'up', '2020-04-07 06:54:09', '2020-04-07 06:54:09'),
(2298, 87, 'up', '2020-04-07 06:54:09', '2020-04-07 06:54:09'),
(2299, 88, 'up', '2020-04-07 06:54:09', '2020-04-07 06:54:09'),
(2300, 89, 'up', '2020-04-07 06:54:09', '2020-04-07 06:54:09'),
(2301, 90, 'up', '2020-04-07 06:54:09', '2020-04-07 06:54:09'),
(2302, 91, 'up', '2020-04-07 06:54:09', '2020-04-07 06:54:09'),
(2303, 92, 'up', '2020-04-07 06:54:09', '2020-04-07 06:54:09'),
(2304, 93, 'up', '2020-04-07 06:54:09', '2020-04-07 06:54:09'),
(2305, 94, 'up', '2020-04-07 06:54:09', '2020-04-07 06:54:09'),
(2306, 95, 'up', '2020-04-07 06:54:09', '2020-04-07 06:54:09'),
(2307, 96, 'up', '2020-04-07 06:54:09', '2020-04-07 06:54:09'),
(2308, 97, 'up', '2020-04-07 06:54:09', '2020-04-07 06:54:09'),
(2309, 98, 'up', '2020-04-07 06:54:09', '2020-04-07 06:54:09'),
(2310, 99, 'up', '2020-04-07 06:54:09', '2020-04-07 06:54:09'),
(2311, 100, 'up', '2020-04-07 06:54:09', '2020-04-07 06:54:09'),
(2312, 101, 'up', '2020-04-07 06:54:09', '2020-04-07 06:54:09'),
(2313, 102, 'up', '2020-04-07 06:54:09', '2020-04-07 06:54:09'),
(2314, 103, 'up', '2020-04-07 06:54:09', '2020-04-07 06:54:09'),
(2315, 104, 'up', '2020-04-07 06:54:09', '2020-04-07 06:54:09'),
(2316, 105, 'up', '2020-04-07 06:54:10', '2020-04-07 06:54:10'),
(2317, 106, 'up', '2020-04-07 06:54:10', '2020-04-07 06:54:10'),
(2318, 107, 'up', '2020-04-07 06:54:10', '2020-04-07 06:54:10'),
(2319, 108, 'up', '2020-04-07 06:54:10', '2020-04-07 06:54:10'),
(2320, 109, 'up', '2020-04-07 06:54:10', '2020-04-07 06:54:10'),
(2321, 110, 'up', '2020-04-07 06:54:10', '2020-04-07 06:54:10'),
(2322, 111, 'up', '2020-04-07 06:54:10', '2020-04-07 06:54:10'),
(2323, 112, 'up', '2020-04-07 06:54:10', '2020-04-07 06:54:10'),
(2324, 113, 'up', '2020-04-07 06:54:10', '2020-04-07 06:54:10'),
(2325, 114, 'up', '2020-04-07 06:54:10', '2020-04-07 06:54:10'),
(2326, 115, 'up', '2020-04-07 06:54:10', '2020-04-07 06:54:10'),
(2327, 116, 'up', '2020-04-07 06:54:10', '2020-04-07 06:54:10'),
(2328, 117, 'up', '2020-04-07 06:54:10', '2020-04-07 06:54:10'),
(2329, 118, 'up', '2020-04-07 06:54:10', '2020-04-07 06:54:10'),
(2330, 119, 'up', '2020-04-07 06:54:10', '2020-04-07 06:54:10'),
(2331, 120, 'up', '2020-04-07 06:54:10', '2020-04-07 06:54:10'),
(2332, 121, 'up', '2020-04-07 06:54:10', '2020-04-07 06:54:10'),
(2333, 122, 'up', '2020-04-07 06:54:10', '2020-04-07 06:54:10'),
(2334, 123, 'up', '2020-04-07 06:54:10', '2020-04-07 06:54:10'),
(2335, 124, 'up', '2020-04-07 06:54:10', '2020-04-07 06:54:10'),
(2336, 125, 'up', '2020-04-07 06:54:10', '2020-04-07 06:54:10'),
(2337, 126, 'up', '2020-04-07 06:54:10', '2020-04-07 06:54:10'),
(2338, 127, 'up', '2020-04-07 06:54:11', '2020-04-07 06:54:11'),
(2339, 128, 'up', '2020-04-07 06:54:11', '2020-04-07 06:54:11'),
(2340, 129, 'up', '2020-04-07 06:54:11', '2020-04-07 06:54:11'),
(2341, 130, 'up', '2020-04-07 06:54:11', '2020-04-07 06:54:11'),
(2342, 131, 'up', '2020-04-07 06:54:11', '2020-04-07 06:54:11'),
(2343, 132, 'up', '2020-04-07 06:54:11', '2020-04-07 06:54:11'),
(2344, 133, 'up', '2020-04-07 06:54:11', '2020-04-07 06:54:11'),
(2345, 134, 'up', '2020-04-07 06:54:11', '2020-04-07 06:54:11'),
(2346, 135, 'up', '2020-04-07 06:54:11', '2020-04-07 06:54:11'),
(2347, 136, 'up', '2020-04-07 06:54:11', '2020-04-07 06:54:11'),
(2348, 137, 'up', '2020-04-07 06:54:11', '2020-04-07 06:54:11'),
(2349, 138, 'up', '2020-04-07 06:54:11', '2020-04-07 06:54:11'),
(2350, 139, 'up', '2020-04-07 06:54:11', '2020-04-07 06:54:11'),
(2351, 140, 'up', '2020-04-07 06:54:11', '2020-04-07 06:54:11'),
(2352, 141, 'up', '2020-04-07 06:54:11', '2020-04-07 06:54:11'),
(2353, 142, 'up', '2020-04-07 06:54:11', '2020-04-07 06:54:11'),
(2354, 143, 'down', '2020-04-07 06:54:12', '2020-04-07 06:54:12'),
(2355, 144, 'up', '2020-04-07 06:54:12', '2020-04-07 06:54:12'),
(2356, 145, 'up', '2020-04-07 06:54:12', '2020-04-07 06:54:12'),
(2357, 146, 'up', '2020-04-07 06:54:12', '2020-04-07 06:54:12'),
(2358, 147, 'up', '2020-04-07 06:54:12', '2020-04-07 06:54:12'),
(2359, 148, 'down', '2020-04-07 06:54:12', '2020-04-07 06:54:12'),
(2360, 149, 'up', '2020-04-07 06:54:12', '2020-04-07 06:54:12'),
(2361, 150, 'up', '2020-04-07 06:54:12', '2020-04-07 06:54:12'),
(2362, 151, 'up', '2020-04-07 06:54:13', '2020-04-07 06:54:13'),
(2363, 152, 'down', '2020-04-07 06:54:13', '2020-04-07 06:54:13'),
(2364, 153, 'up', '2020-04-07 06:54:13', '2020-04-07 06:54:13'),
(2365, 154, 'up', '2020-04-07 06:54:13', '2020-04-07 06:54:13'),
(2366, 155, 'up', '2020-04-07 06:54:13', '2020-04-07 06:54:13'),
(2367, 156, 'up', '2020-04-07 06:54:13', '2020-04-07 06:54:13'),
(2368, 157, 'up', '2020-04-07 06:54:13', '2020-04-07 06:54:13'),
(2369, 158, 'up', '2020-04-07 06:54:13', '2020-04-07 06:54:13'),
(2370, 159, 'up', '2020-04-07 06:54:13', '2020-04-07 06:54:13'),
(2371, 160, 'up', '2020-04-07 06:54:13', '2020-04-07 06:54:13'),
(2372, 161, 'up', '2020-04-07 06:54:13', '2020-04-07 06:54:13'),
(2373, 162, 'up', '2020-04-07 06:54:13', '2020-04-07 06:54:13'),
(2374, 163, 'up', '2020-04-07 06:54:14', '2020-04-07 06:54:14'),
(2375, 164, 'up', '2020-04-07 06:54:14', '2020-04-07 06:54:14'),
(2376, 165, 'up', '2020-04-07 06:54:14', '2020-04-07 06:54:14'),
(2377, 166, 'down', '2020-04-07 06:54:14', '2020-04-07 06:54:14'),
(2378, 167, 'up', '2020-04-07 06:54:14', '2020-04-07 06:54:14'),
(2379, 168, 'up', '2020-04-07 06:54:14', '2020-04-07 06:54:14'),
(2380, 169, 'up', '2020-04-07 06:54:14', '2020-04-07 06:54:14'),
(2381, 170, 'up', '2020-04-07 06:54:14', '2020-04-07 06:54:14'),
(2382, 171, 'up', '2020-04-07 06:54:14', '2020-04-07 06:54:14'),
(2383, 172, 'up', '2020-04-07 06:54:14', '2020-04-07 06:54:14'),
(2384, 173, 'up', '2020-04-07 06:54:14', '2020-04-07 06:54:14'),
(2385, 174, 'up', '2020-04-07 06:54:14', '2020-04-07 06:54:14'),
(2386, 175, 'up', '2020-04-07 06:54:14', '2020-04-07 06:54:14'),
(2387, 176, 'up', '2020-04-07 06:54:15', '2020-04-07 06:54:15'),
(2388, 177, 'down', '2020-04-07 06:54:15', '2020-04-07 06:54:15'),
(2389, 178, 'down', '2020-04-07 06:54:15', '2020-04-07 06:54:15'),
(2390, 188, 'up', '2020-04-07 06:54:15', '2020-04-07 06:54:15'),
(2391, 189, 'up', '2020-04-07 06:54:15', '2020-04-07 06:54:15'),
(2392, 190, 'up', '2020-04-07 06:54:15', '2020-04-07 06:54:15'),
(2393, 191, 'up', '2020-04-07 06:54:15', '2020-04-07 06:54:15'),
(2394, 192, 'up', '2020-04-07 06:54:15', '2020-04-07 06:54:15'),
(2395, 193, 'up', '2020-04-07 06:54:15', '2020-04-07 06:54:15'),
(2396, 194, 'up', '2020-04-07 06:54:15', '2020-04-07 06:54:15'),
(2397, 195, 'up', '2020-04-07 06:54:15', '2020-04-07 06:54:15'),
(2398, 196, 'down', '2020-04-07 06:54:16', '2020-04-07 06:54:16'),
(2399, 197, 'up', '2020-04-07 06:54:16', '2020-04-07 06:54:16'),
(2400, 198, 'up', '2020-04-07 06:54:16', '2020-04-07 06:54:16'),
(2401, 199, 'up', '2020-04-07 06:54:16', '2020-04-07 06:54:16'),
(2402, 200, 'up', '2020-04-07 06:54:16', '2020-04-07 06:54:16'),
(2403, 201, 'up', '2020-04-07 06:54:16', '2020-04-07 06:54:16'),
(2404, 202, 'up', '2020-04-07 06:54:16', '2020-04-07 06:54:16'),
(2405, 203, 'up', '2020-04-07 06:54:16', '2020-04-07 06:54:16'),
(2406, 204, 'down', '2020-04-07 06:54:16', '2020-04-07 06:54:16'),
(2407, 205, 'up', '2020-04-07 06:54:16', '2020-04-07 06:54:16'),
(2408, 206, 'up', '2020-04-07 06:54:16', '2020-04-07 06:54:16'),
(2409, 207, 'down', '2020-04-07 06:54:17', '2020-04-07 06:54:17'),
(2410, 208, 'up', '2020-04-07 06:54:17', '2020-04-07 06:54:17'),
(2411, 209, 'up', '2020-04-07 06:54:17', '2020-04-07 06:54:17'),
(2412, 210, 'up', '2020-04-07 06:54:17', '2020-04-07 06:54:17'),
(2413, 211, 'up', '2020-04-07 06:54:17', '2020-04-07 06:54:17'),
(2414, 219, 'up', '2020-04-07 06:54:17', '2020-04-07 06:54:17'),
(2415, 220, 'up', '2020-04-07 06:54:17', '2020-04-07 06:54:17'),
(2416, 221, 'up', '2020-04-07 06:54:17', '2020-04-07 06:54:17'),
(2417, 222, 'up', '2020-04-07 06:54:17', '2020-04-07 06:54:17'),
(2418, 223, 'up', '2020-04-07 06:54:17', '2020-04-07 06:54:17'),
(2419, 224, 'up', '2020-04-07 06:54:17', '2020-04-07 06:54:17'),
(2420, 225, 'up', '2020-04-07 06:54:17', '2020-04-07 06:54:17'),
(2421, 226, 'down', '2020-04-07 06:54:17', '2020-04-07 06:54:17'),
(2422, 227, 'up', '2020-04-07 06:54:17', '2020-04-07 06:54:17'),
(2423, 228, 'up', '2020-04-07 06:54:17', '2020-04-07 06:54:17'),
(2424, 229, 'up', '2020-04-07 06:54:17', '2020-04-07 06:54:17'),
(2425, 230, 'up', '2020-04-07 06:54:17', '2020-04-07 06:54:17'),
(2426, 231, 'down', '2020-04-07 06:54:18', '2020-04-07 06:54:18'),
(2427, 232, 'up', '2020-04-07 06:54:18', '2020-04-07 06:54:18'),
(2428, 233, 'up', '2020-04-07 06:54:18', '2020-04-07 06:54:18'),
(2429, 234, 'up', '2020-04-07 06:54:18', '2020-04-07 06:54:18'),
(2430, 235, 'up', '2020-04-07 06:54:18', '2020-04-07 06:54:18'),
(2431, 236, 'up', '2020-04-07 06:54:18', '2020-04-07 06:54:18'),
(2432, 237, 'down', '2020-04-07 06:54:18', '2020-04-07 06:54:18');

-- --------------------------------------------------------

--
-- Table structure for table `users`
--

CREATE TABLE `users` (
  `id` bigint(20) UNSIGNED NOT NULL,
  `name` varchar(255) COLLATE utf8mb4_unicode_ci NOT NULL,
  `email` varchar(255) COLLATE utf8mb4_unicode_ci NOT NULL,
  `email_verified_at` timestamp NULL DEFAULT NULL,
  `password` varchar(255) COLLATE utf8mb4_unicode_ci NOT NULL,
  `remember_token` varchar(100) COLLATE utf8mb4_unicode_ci DEFAULT NULL,
  `created_at` timestamp NULL DEFAULT NULL,
  `updated_at` timestamp NULL DEFAULT NULL
) ENGINE=InnoDB DEFAULT CHARSET=utf8mb4 COLLATE=utf8mb4_unicode_ci;

--
-- Dumping data for table `users`
--

INSERT INTO `users` (`id`, `name`, `email`, `email_verified_at`, `password`, `remember_token`, `created_at`, `updated_at`) VALUES
(1, 'Kavisara P.', 'kaviprep@gmail.com', NULL, '$2y$10$pIXfUDPj9DKFmt3b9BkzVeGg5aWXzAamVuKP6goTTTxySNzeVuU9W', NULL, '2019-12-10 11:54:02', '2019-12-10 11:54:02');

--
-- Indexes for dumped tables
--

--
-- Indexes for table `devices`
--
ALTER TABLE `devices`
  ADD PRIMARY KEY (`id`),
  ADD KEY `devices_node_id_foreign` (`node_id`);

--
-- Indexes for table `display_status_records`
--
ALTER TABLE `display_status_records`
  ADD PRIMARY KEY (`id`),
  ADD KEY `display_status_records_device_id_foreign` (`device_id`);

--
-- Indexes for table `failed_jobs`
--
ALTER TABLE `failed_jobs`
  ADD PRIMARY KEY (`id`);

--
-- Indexes for table `migrations`
--
ALTER TABLE `migrations`
  ADD PRIMARY KEY (`id`);

--
-- Indexes for table `nodes`
--
ALTER TABLE `nodes`
  ADD PRIMARY KEY (`id`);

--
-- Indexes for table `password_resets`
--
ALTER TABLE `password_resets`
  ADD KEY `password_resets_email_index` (`email`);

--
-- Indexes for table `status_records`
--
ALTER TABLE `status_records`
  ADD PRIMARY KEY (`id`),
  ADD KEY `status_records_device_id_foreign` (`device_id`);

--
-- Indexes for table `users`
--
ALTER TABLE `users`
  ADD PRIMARY KEY (`id`),
  ADD UNIQUE KEY `users_email_unique` (`email`);

--
-- AUTO_INCREMENT for dumped tables
--

--
-- AUTO_INCREMENT for table `devices`
--
ALTER TABLE `devices`
  MODIFY `id` bigint(20) UNSIGNED NOT NULL AUTO_INCREMENT, AUTO_INCREMENT=238;

--
-- AUTO_INCREMENT for table `display_status_records`
--
ALTER TABLE `display_status_records`
  MODIFY `id` bigint(20) UNSIGNED NOT NULL AUTO_INCREMENT;

--
-- AUTO_INCREMENT for table `failed_jobs`
--
ALTER TABLE `failed_jobs`
  MODIFY `id` bigint(20) UNSIGNED NOT NULL AUTO_INCREMENT;

--
-- AUTO_INCREMENT for table `migrations`
--
ALTER TABLE `migrations`
  MODIFY `id` int(10) UNSIGNED NOT NULL AUTO_INCREMENT, AUTO_INCREMENT=19;

--
-- AUTO_INCREMENT for table `nodes`
--
ALTER TABLE `nodes`
  MODIFY `id` bigint(20) UNSIGNED NOT NULL AUTO_INCREMENT, AUTO_INCREMENT=109;

--
-- AUTO_INCREMENT for table `status_records`
--
ALTER TABLE `status_records`
  MODIFY `id` bigint(20) UNSIGNED NOT NULL AUTO_INCREMENT, AUTO_INCREMENT=2433;

--
-- AUTO_INCREMENT for table `users`
--
ALTER TABLE `users`
  MODIFY `id` bigint(20) UNSIGNED NOT NULL AUTO_INCREMENT, AUTO_INCREMENT=2;

--
-- Constraints for dumped tables
--

--
-- Constraints for table `devices`
--
ALTER TABLE `devices`
  ADD CONSTRAINT `devices_node_id_foreign` FOREIGN KEY (`node_id`) REFERENCES `nodes` (`id`) ON DELETE CASCADE;

--
-- Constraints for table `display_status_records`
--
ALTER TABLE `display_status_records`
  ADD CONSTRAINT `display_status_records_device_id_foreign` FOREIGN KEY (`device_id`) REFERENCES `devices` (`id`) ON DELETE CASCADE;

--
-- Constraints for table `status_records`
--
ALTER TABLE `status_records`
  ADD CONSTRAINT `status_records_device_id_foreign` FOREIGN KEY (`device_id`) REFERENCES `devices` (`id`) ON DELETE CASCADE;
COMMIT;

/*!40101 SET CHARACTER_SET_CLIENT=@OLD_CHARACTER_SET_CLIENT */;
/*!40101 SET CHARACTER_SET_RESULTS=@OLD_CHARACTER_SET_RESULTS */;
/*!40101 SET COLLATION_CONNECTION=@OLD_COLLATION_CONNECTION */;
